Unnamed: 0,traceId,model,startTime,endTime,prompt,completion,eval,predicted_label,label,error,decision,similarity,confidence
0,136e98ba-ac14-42f4-8345-103a04fd95e3,gpt-3.5-turbo-0301,2023-10-20T12:39:55.032Z,2023-10-20T12:40:03.460Z,"Q: Are the following two products the same?
Product 1: 
Title: Daniel Wellington DW00100007 Classic Sheffield Rose 40mm White
Description: Case Diameter - 40mmCase thickness - 6mmDial colour - WhiteMovement - Japanese QuartzMaterial - Rose Gold Plated Stainless Steel (316L)Strap width - 20mmAdjustable length - (Min - Max) 165-215mmStrap - Leather StrapStrap colour - BlackInterchangeable
Product 2: 
Title: 0000010490| Samyang 24mm F1.4 Nikon AE Full Frame Lens
Description: 0000010490| Samyang 24mm F1.4 Nikon AE Full Frame Lens
A: Let's think step by step! First, we need to compare the titles and descriptions of the two products. The first product is a Daniel Wellington watch with a white dial and a black leather strap, while the second product is a Samyang camera lens with a 24mm focal length and a maximum aperture of f/1.4. 
Based on this information, we can conclude that the two products are not the same. They are completely different items from different categories.
The two products do not match.
Q: Are the following two products the same?
Product 1: 
Title: Omega Seamaster Diver 300MTitanium and 18k Rose Gold Mens watch 210.60.42.20.99.001
Description: nan
Product 2: 
Title: Diver 300M 42mm TITANIUM TANTALUM SEDNA GOLD ON TITANIUM TANTALUM SEDNA GOLD 210.60.42.20.99.001
Description: nan
A: Let's think step by step! First, we can see that both products have the same model number: 210.60.42.20.99.001. This suggests that they are likely the same product. 
Looking at the titles, we can see that they both mention the Omega Seamaster Diver 300M, and both mention the use of titanium and gold in the watch. However, the second product also mentions the use of tantalum and Sedna gold, which are not mentioned in the first product. 
Overall, it seems likely that these two products are very similar, but there may be some slight differences in the materials used. Without more information, it's difficult to say for sure whether they are exactly the same.
The two products match.
Q: Could you please tell me if the following two products are the same one?
Product 1:
Title: Traveler's Lined Notebook Refill - Regular Size
Description: Think about the days you went to school. Based on people’s past experience as a student, we receive comments saying that this is the most easy type of notebook to use. The lines are printed with an interval of 6.5mm, and the paper is our originally m
Product 2:
Title: Traveler's Company Traveler's Company Notebook Accessories
Description: none
A: Let's think step by step!","First, we can compare the titles and descriptions of the two products. The first product is a refill for a lined notebook in regular size, with a specific interval between the lines and made by a specific company. The second product is a set of notebook accessories made by the same company, but with no specific details mentioned. \nBased on this information, we can conclude that the two products are not the same. They are both related to notebooks and made by the same company, but they are different items with different purposes. \nThe two products do not match.",no match,False,True,FN,,,
4,136e98ba-ac14-42f4-8345-103a04fd95e3,gpt-3.5-turbo-0301,2023-10-20T12:38:55.776Z,2023-10-20T12:39:08.718Z,"Q: Are the following two products the same?
Product 1: 
Title: Daniel Wellington DW00100007 Classic Sheffield Rose 40mm White
Description: Case Diameter - 40mmCase thickness - 6mmDial colour - WhiteMovement - Japanese QuartzMaterial - Rose Gold Plated Stainless Steel (316L)Strap width - 20mmAdjustable length - (Min - Max) 165-215mmStrap - Leather StrapStrap colour - BlackInterchangeable
Product 2: 
Title: 0000010490| Samyang 24mm F1.4 Nikon AE Full Frame Lens
Description: 0000010490| Samyang 24mm F1.4 Nikon AE Full Frame Lens
A: Let's think step by step! First, we need to compare the titles and descriptions of the two products. The first product is a Daniel Wellington watch with a white dial and a black leather strap, while the second product is a Samyang camera lens with a 24mm focal length and a maximum aperture of f/1.4. 
Based on this information, we can conclude that the two products are not the same. They are completely different items from different categories.
The two products do not match.
Q: Are the following two products the same?
Product 1: 
Title: Omega Seamaster Diver 300MTitanium and 18k Rose Gold Mens watch 210.60.42.20.99.001
Description: nan
Product 2: 
Title: Diver 300M 42mm TITANIUM TANTALUM SEDNA GOLD ON TITANIUM TANTALUM SEDNA GOLD 210.60.42.20.99.001
Description: nan
A: Let's think step by step! First, we can see that both products have the same model number: 210.60.42.20.99.001. This suggests that they are likely the same product. 
Looking at the titles, we can see that they both mention the Omega Seamaster Diver 300M, and both mention the use of titanium and gold in the watch. However, the second product also mentions the use of tantalum and Sedna gold, which are not mentioned in the first product. 
Overall, it seems likely that these two products are very similar, but there may be some slight differences in the materials used. Without more information, it's difficult to say for sure whether they are exactly the same.
The two products match.
Q: Could you please tell me if the following two products are the same one?
Product 1:
Title: TAG Heuer Formula 1 CAZ1010.FT8024
Description: Find Authentic TAG Heuer Formula 1 CAZ1010.FT8024 with TAG Heuer Warranty at lowest prices. Fast & FREE Shipping. 14-day Return Policy. Tax Free & Worldwide Delivery. Lowest Prices on all watches and brands. (Model CAZ1010.FT8024)
Product 2:
Title: TAG Heuer Formula 1 Chronograph 43mm CAZ1010.FT8024
Description: none
A: Let's think step by step!","First, we can compare the titles of the two products. Both mention TAG Heuer Formula 1, and both have the same model number: CAZ1010.FT8024. This suggests that they are likely the same product. \nLooking at the descriptions, we can see that the first product mentions a TAG Heuer warranty, free shipping, and a return policy, while the second product has no description. However, the second product does mention that it is a chronograph, which is not mentioned in the first product. \nOverall, it seems likely that these two products are very similar, but there may be some slight differences in the features or included items. Without more information, it's difficult to say for sure whether they are exactly the same.\nThe two products may match, but there could be some differences.",The two products may match.,True,True,NONE,,,
5,136e98ba-ac14-42f4-8345-103a04fd95e3,gpt-3.5-turbo-0301,2023-10-20T12:38:41.714Z,2023-10-20T12:38:54.408Z,"Q: Are the following two products the same?
Product 1: 
Title: Daniel Wellington DW00100007 Classic Sheffield Rose 40mm White
Description: Case Diameter - 40mmCase thickness - 6mmDial colour - WhiteMovement - Japanese QuartzMaterial - Rose Gold Plated Stainless Steel (316L)Strap width - 20mmAdjustable length - (Min - Max) 165-215mmStrap - Leather StrapStrap colour - BlackInterchangeable
Product 2: 
Title: 0000010490| Samyang 24mm F1.4 Nikon AE Full Frame Lens
Description: 0000010490| Samyang 24mm F1.4 Nikon AE Full Frame Lens
A: Let's think step by step! First, we need to compare the titles and descriptions of the two products. The first product is a Daniel Wellington watch with a white dial and a black leather strap, while the second product is a Samyang camera lens with a 24mm focal length and a maximum aperture of f/1.4. 
Based on this information, we can conclude that the two products are not the same. They are completely different items from different categories.
The two products do not match.
Q: Are the following two products the same?
Product 1: 
Title: Omega Seamaster Diver 300MTitanium and 18k Rose Gold Mens watch 210.60.42.20.99.001
Description: nan
Product 2: 
Title: Diver 300M 42mm TITANIUM TANTALUM SEDNA GOLD ON TITANIUM TANTALUM SEDNA GOLD 210.60.42.20.99.001
Description: nan
A: Let's think step by step! First, we can see that both products have the same model number: 210.60.42.20.99.001. This suggests that they are likely the same product. 
Looking at the titles, we can see that they both mention the Omega Seamaster Diver 300M, and both mention the use of titanium and gold in the watch. However, the second product also mentions the use of tantalum and Sedna gold, which are not mentioned in the first product. 
Overall, it seems likely that these two products are very similar, but there may be some slight differences in the materials used. Without more information, it's difficult to say for sure whether they are exactly the same.
The two products match.
Q: Could you please tell me if the following two products are the same one?
Product 1:
Title: Cle Usb Wifi Tp-Link N300 Tl-Wn821n
Description: Cle Usb Wifi Tp-Link N300 Tl-Wn821n
Product 2:
Title: Tp-Link Wireless N USB Adapter 300Mbps
Description: none
A: Let's think step by step!","First, we can compare the titles of the two products. Both mention TP-Link and wireless connectivity, but the specific product names are different. The first product is called \Cle Usb Wifi Tp-Link N300 Tl-Wn821n\ while the second product is called \Tp-Link Wireless N USB Adapter 300Mbps.\ \nBased on this information, it's possible that these two products are different versions of the same type of product. However, without more information, it's difficult to say for sure whether they are exactly the same. \nAdditionally, the second product has no description, so we cannot compare any additional details. \nOverall, it's possible that these two products are the same, but we cannot confirm without more information. \nThe two products may or may not match.",No match.,False,True,FN,,,
6,136e98ba-ac14-42f4-8345-103a04fd95e3,gpt-3.5-turbo-0301,2023-10-20T12:38:26.414Z,2023-10-20T12:38:39.759Z,"Q: Are the following two products the same?
Product 1: 
Title: Daniel Wellington DW00100007 Classic Sheffield Rose 40mm White
Description: Case Diameter - 40mmCase thickness - 6mmDial colour - WhiteMovement - Japanese QuartzMaterial - Rose Gold Plated Stainless Steel (316L)Strap width - 20mmAdjustable length - (Min - Max) 165-215mmStrap - Leather StrapStrap colour - BlackInterchangeable
Product 2: 
Title: 0000010490| Samyang 24mm F1.4 Nikon AE Full Frame Lens
Description: 0000010490| Samyang 24mm F1.4 Nikon AE Full Frame Lens
A: Let's think step by step! First, we need to compare the titles and descriptions of the two products. The first product is a Daniel Wellington watch with a white dial and a black leather strap, while the second product is a Samyang camera lens with a 24mm focal length and a maximum aperture of f/1.4. 
Based on this information, we can conclude that the two products are not the same. They are completely different items from different categories.
The two products do not match.
Q: Are the following two products the same?
Product 1: 
Title: Omega Seamaster Diver 300MTitanium and 18k Rose Gold Mens watch 210.60.42.20.99.001
Description: nan
Product 2: 
Title: Diver 300M 42mm TITANIUM TANTALUM SEDNA GOLD ON TITANIUM TANTALUM SEDNA GOLD 210.60.42.20.99.001
Description: nan
A: Let's think step by step! First, we can see that both products have the same model number: 210.60.42.20.99.001. This suggests that they are likely the same product. 
Looking at the titles, we can see that they both mention the Omega Seamaster Diver 300M, and both mention the use of titanium and gold in the watch. However, the second product also mentions the use of tantalum and Sedna gold, which are not mentioned in the first product. 
Overall, it seems likely that these two products are very similar, but there may be some slight differences in the materials used. Without more information, it's difficult to say for sure whether they are exactly the same.
The two products match.
Q: Could you please tell me if the following two products are the same one?
Product 1:
Title: Adattatore USB Wireless TP-Link TL-WN725N 150Mbps 2.4GHz
Description: none
Product 2:
Title: ADATTATORE USB2.0 WIRELESS N 150M LAN 802.11BGN 1T1R 2.4GHZ-NANO SIZE-PROVIDE USB2.0 INTERF.-WPS-SUPP. XP/VISTA/7
Description: none
A: Let's think step by step!","First, we can compare the titles of the two products. Both mention an \adattatore USB\ (USB adapter) and \wireless\ capabilities. However, the brand and model numbers are different: TP-Link TL-WN725N for Product 1 and \ADATTATORE USB2.0 WIRELESS N 150M LAN 802.11BGN 1T1R 2.4GHZ-NANO SIZE-PROVIDE USB2.0 INTERF.-WPS-SUPP. XP/VISTA/7\ for Product 2. \nWithout more information, it's difficult to say for sure whether these two products are exactly the same. However, based on the differences in brand and model number, it seems likely that they are different products. \nThe two products do not match.",no match,False,True,FN,,,
7,136e98ba-ac14-42f4-8345-103a04fd95e3,gpt-3.5-turbo-0301,2023-10-20T12:38:15.109Z,2023-10-20T12:38:24.862Z,"Q: Are the following two products the same?
Product 1: 
Title: Daniel Wellington DW00100007 Classic Sheffield Rose 40mm White
Description: Case Diameter - 40mmCase thickness - 6mmDial colour - WhiteMovement - Japanese QuartzMaterial - Rose Gold Plated Stainless Steel (316L)Strap width - 20mmAdjustable length - (Min - Max) 165-215mmStrap - Leather StrapStrap colour - BlackInterchangeable
Product 2: 
Title: 0000010490| Samyang 24mm F1.4 Nikon AE Full Frame Lens
Description: 0000010490| Samyang 24mm F1.4 Nikon AE Full Frame Lens
A: Let's think step by step! First, we need to compare the titles and descriptions of the two products. The first product is a Daniel Wellington watch with a white dial and a black leather strap, while the second product is a Samyang camera lens with a 24mm focal length and a maximum aperture of f/1.4. 
Based on this information, we can conclude that the two products are not the same. They are completely different items from different categories.
The two products do not match.
Q: Are the following two products the same?
Product 1: 
Title: Omega Seamaster Diver 300MTitanium and 18k Rose Gold Mens watch 210.60.42.20.99.001
Description: nan
Product 2: 
Title: Diver 300M 42mm TITANIUM TANTALUM SEDNA GOLD ON TITANIUM TANTALUM SEDNA GOLD 210.60.42.20.99.001
Description: nan
A: Let's think step by step! First, we can see that both products have the same model number: 210.60.42.20.99.001. This suggests that they are likely the same product. 
Looking at the titles, we can see that they both mention the Omega Seamaster Diver 300M, and both mention the use of titanium and gold in the watch. However, the second product also mentions the use of tantalum and Sedna gold, which are not mentioned in the first product. 
Overall, it seems likely that these two products are very similar, but there may be some slight differences in the materials used. Without more information, it's difficult to say for sure whether they are exactly the same.
The two products match.
Q: Could you please tell me if the following two products are the same one?
Product 1:
Title: 5 Port, Hikvision PoE Network Switch
Description: Switch with 4 PoE ports + 1 x Uplink port 10/100Mbps RJ45 ports 58 watts total Max Extend On, up to 250m distance 2 Years Manufacturers Warranty
Product 2:
Title: Hikvision 4 Port Unmanaged PoE Switch,1*100M Uplink [DS-3E0105P-E]
Description: Key FeaturesLayer 2 unmanaged PoE switch4x 10/100Mbps Ethernet ports1x 100Mbps uplinkIEEE 802.3af or 802.3at PoE standard802.3af or 802.3at
A: Let's think step by step!","First, we can compare the titles and descriptions of the two products. The first product is a 5 port Hikvision PoE network switch with 4 PoE ports and 1 uplink port, while the second product is a 4 port unmanaged PoE switch with 1 uplink port. \nAlthough both products are from Hikvision and have PoE capabilities, they have different port configurations and specifications. \nTherefore, it is safe to say that these two products are not the same. \nThe two products do not match.",no match,False,True,FN,,,
11,136e98ba-ac14-42f4-8345-103a04fd95e3,gpt-3.5-turbo-0301,2023-10-20T12:37:18.029Z,2023-10-20T12:37:28.523Z,"Q: Are the following two products the same?
Product 1: 
Title: Daniel Wellington DW00100007 Classic Sheffield Rose 40mm White
Description: Case Diameter - 40mmCase thickness - 6mmDial colour - WhiteMovement - Japanese QuartzMaterial - Rose Gold Plated Stainless Steel (316L)Strap width - 20mmAdjustable length - (Min - Max) 165-215mmStrap - Leather StrapStrap colour - BlackInterchangeable
Product 2: 
Title: 0000010490| Samyang 24mm F1.4 Nikon AE Full Frame Lens
Description: 0000010490| Samyang 24mm F1.4 Nikon AE Full Frame Lens
A: Let's think step by step! First, we need to compare the titles and descriptions of the two products. The first product is a Daniel Wellington watch with a white dial and a black leather strap, while the second product is a Samyang camera lens with a 24mm focal length and a maximum aperture of f/1.4. 
Based on this information, we can conclude that the two products are not the same. They are completely different items from different categories.
The two products do not match.
Q: Are the following two products the same?
Product 1: 
Title: Omega Seamaster Diver 300MTitanium and 18k Rose Gold Mens watch 210.60.42.20.99.001
Description: nan
Product 2: 
Title: Diver 300M 42mm TITANIUM TANTALUM SEDNA GOLD ON TITANIUM TANTALUM SEDNA GOLD 210.60.42.20.99.001
Description: nan
A: Let's think step by step! First, we can see that both products have the same model number: 210.60.42.20.99.001. This suggests that they are likely the same product. 
Looking at the titles, we can see that they both mention the Omega Seamaster Diver 300M, and both mention the use of titanium and gold in the watch. However, the second product also mentions the use of tantalum and Sedna gold, which are not mentioned in the first product. 
Overall, it seems likely that these two products are very similar, but there may be some slight differences in the materials used. Without more information, it's difficult to say for sure whether they are exactly the same.
The two products match.
Q: Could you please tell me if the following two products are the same one?
Product 1:
Title: SanDisk Extreme PRO UHS-II SD Card Reader USB 3.0
Description: Maximize workflow efficiencyThe SanDisk Extreme PRO® SDTM UHS-II Card Reader/Writer is designed to increase workflow efficiency for professional photographers and videographers. Small enough for fieldwork, the compact reader is built to handle the hi
Product 2:
Title: SanDisk Extreme PRO SD UHS-II USB 3.0
Description: none
A: Let's think step by step!","First, we can compare the titles and descriptions of the two products. Both products are SanDisk Extreme PRO SD card readers, but the first product specifically mentions UHS-II technology, while the second product does not. \nBased on this information, it's possible that the two products are different versions of the same card reader, with the first product being a UHS-II version and the second product being a non-UHS-II version. However, without more information it's difficult to say for sure whether they are exactly the same.\nThe two products may or may not match, depending on whether the first product is a UHS-II version of the second product.",Possible answer: uncertain.,False,True,FN,,,
16,136e98ba-ac14-42f4-8345-103a04fd95e3,gpt-3.5-turbo-0301,2023-10-20T12:36:15.781Z,2023-10-20T12:36:28.548Z,"Q: Are the following two products the same?
Product 1: 
Title: Daniel Wellington DW00100007 Classic Sheffield Rose 40mm White
Description: Case Diameter - 40mmCase thickness - 6mmDial colour - WhiteMovement - Japanese QuartzMaterial - Rose Gold Plated Stainless Steel (316L)Strap width - 20mmAdjustable length - (Min - Max) 165-215mmStrap - Leather StrapStrap colour - BlackInterchangeable
Product 2: 
Title: 0000010490| Samyang 24mm F1.4 Nikon AE Full Frame Lens
Description: 0000010490| Samyang 24mm F1.4 Nikon AE Full Frame Lens
A: Let's think step by step! First, we need to compare the titles and descriptions of the two products. The first product is a Daniel Wellington watch with a white dial and a black leather strap, while the second product is a Samyang camera lens with a 24mm focal length and a maximum aperture of f/1.4. 
Based on this information, we can conclude that the two products are not the same. They are completely different items from different categories.
The two products do not match.
Q: Are the following two products the same?
Product 1: 
Title: Omega Seamaster Diver 300MTitanium and 18k Rose Gold Mens watch 210.60.42.20.99.001
Description: nan
Product 2: 
Title: Diver 300M 42mm TITANIUM TANTALUM SEDNA GOLD ON TITANIUM TANTALUM SEDNA GOLD 210.60.42.20.99.001
Description: nan
A: Let's think step by step! First, we can see that both products have the same model number: 210.60.42.20.99.001. This suggests that they are likely the same product. 
Looking at the titles, we can see that they both mention the Omega Seamaster Diver 300M, and both mention the use of titanium and gold in the watch. However, the second product also mentions the use of tantalum and Sedna gold, which are not mentioned in the first product. 
Overall, it seems likely that these two products are very similar, but there may be some slight differences in the materials used. Without more information, it's difficult to say for sure whether they are exactly the same.
The two products match.
Q: Could you please tell me if the following two products are the same one?
Product 1:
Title: Fujifilm Instax Square Film for SQ10 Hybrid Cameras 20 Shot Pack
Description: EXTRA VALUE 2x 10 Shot Packs (giving you 20 shots in total). FRESH UK STOCKS AND LONG DATED. Fujifilm Instax \""SQUARE\"" film is for use in only square format instant print cameras such as the new SQ10, SQ6 cameras...Note: Not for use in Fuji Instax \
Product 2:
Title: Fujifilm Instax Square Instant Film - 10 Exposures
Description: INSTAX Square Instant Film contains 10 sheets of instant color film that is compatible for use with INSTAX SQUARE cameras. This film features vivid color reproduction with natural skin tones, and its refined grain structure provides high image sharpn
A: Let's think step by step!","First, we can compare the titles and descriptions of the two products. The first product is a pack of Fujifilm Instax Square film for use in SQ10 Hybrid Cameras, with 20 shots in total. The second product is also Fujifilm Instax Square film, but with only 10 exposures and compatible with INSTAX SQUARE cameras. \nBased on this information, we can conclude that the two products are similar but not exactly the same. They are both Fujifilm Instax Square film, but the first product is specifically for use in SQ10 Hybrid Cameras and comes in a pack of 20 shots, while the second product is compatible with INSTAX SQUARE cameras and comes in a pack of 10 exposures. \nTherefore, the two products are not the same, but they are related and serve a similar purpose. \nThe two products do not match.",No match.,False,True,FN,,,
17,136e98ba-ac14-42f4-8345-103a04fd95e3,gpt-3.5-turbo-0301,2023-10-20T12:36:02.653Z,2023-10-20T12:36:14.147Z,"Q: Are the following two products the same?
Product 1: 
Title: Daniel Wellington DW00100007 Classic Sheffield Rose 40mm White
Description: Case Diameter - 40mmCase thickness - 6mmDial colour - WhiteMovement - Japanese QuartzMaterial - Rose Gold Plated Stainless Steel (316L)Strap width - 20mmAdjustable length - (Min - Max) 165-215mmStrap - Leather StrapStrap colour - BlackInterchangeable
Product 2: 
Title: 0000010490| Samyang 24mm F1.4 Nikon AE Full Frame Lens
Description: 0000010490| Samyang 24mm F1.4 Nikon AE Full Frame Lens
A: Let's think step by step! First, we need to compare the titles and descriptions of the two products. The first product is a Daniel Wellington watch with a white dial and a black leather strap, while the second product is a Samyang camera lens with a 24mm focal length and a maximum aperture of f/1.4. 
Based on this information, we can conclude that the two products are not the same. They are completely different items from different categories.
The two products do not match.
Q: Are the following two products the same?
Product 1: 
Title: Omega Seamaster Diver 300MTitanium and 18k Rose Gold Mens watch 210.60.42.20.99.001
Description: nan
Product 2: 
Title: Diver 300M 42mm TITANIUM TANTALUM SEDNA GOLD ON TITANIUM TANTALUM SEDNA GOLD 210.60.42.20.99.001
Description: nan
A: Let's think step by step! First, we can see that both products have the same model number: 210.60.42.20.99.001. This suggests that they are likely the same product. 
Looking at the titles, we can see that they both mention the Omega Seamaster Diver 300M, and both mention the use of titanium and gold in the watch. However, the second product also mentions the use of tantalum and Sedna gold, which are not mentioned in the first product. 
Overall, it seems likely that these two products are very similar, but there may be some slight differences in the materials used. Without more information, it's difficult to say for sure whether they are exactly the same.
The two products match.
Q: Could you please tell me if the following two products are the same one?
Product 1:
Title: TRAVELER'S COMPANY Notebook - Blue
Description: TRAVELER’S notebook Blue was released as a limited edition in 2015 and the blue color was well-received as a refreshing, new tone of TRAVELER’S notebook. Even after the conclusion of sale, so many requests were received for re-launch of blue during T
Product 2:
Title: Traveler's Notebook Starter Kit (Passport Size) - Blue
Description: Travel with Traveler's Notebook, you can jot down your precious memories along your journey. Easy to hold in your hand, it's the perfect size to bring along for you to write thoughts and observations from your trips. You can carry maps, tickets, and 
A: Let's think step by step!","First, we can compare the titles and descriptions of the two products. The first product is a TRAVELER'S notebook in blue, which was released as a limited edition in 2015. The second product is a Traveler's Notebook Starter Kit in blue, which is designed for travel and includes space for writing and carrying items like maps and tickets. \nBased on this information, it seems likely that the two products are related, but they are not necessarily the same product. The first product is specifically a notebook, while the second product is a starter kit that includes a notebook as well as other items. \nWithout more information, it's difficult to say for sure whether the two products are exactly the same. However, it seems likely that they are related in some way.",No match.,False,True,FN,,,
18,136e98ba-ac14-42f4-8345-103a04fd95e3,gpt-3.5-turbo-0301,2023-10-20T12:35:43.712Z,2023-10-20T12:36:00.816Z,"Q: Are the following two products the same?
Product 1: 
Title: Daniel Wellington DW00100007 Classic Sheffield Rose 40mm White
Description: Case Diameter - 40mmCase thickness - 6mmDial colour - WhiteMovement - Japanese QuartzMaterial - Rose Gold Plated Stainless Steel (316L)Strap width - 20mmAdjustable length - (Min - Max) 165-215mmStrap - Leather StrapStrap colour - BlackInterchangeable
Product 2: 
Title: 0000010490| Samyang 24mm F1.4 Nikon AE Full Frame Lens
Description: 0000010490| Samyang 24mm F1.4 Nikon AE Full Frame Lens
A: Let's think step by step! First, we need to compare the titles and descriptions of the two products. The first product is a Daniel Wellington watch with a white dial and a black leather strap, while the second product is a Samyang camera lens with a 24mm focal length and a maximum aperture of f/1.4. 
Based on this information, we can conclude that the two products are not the same. They are completely different items from different categories.
The two products do not match.
Q: Are the following two products the same?
Product 1: 
Title: Omega Seamaster Diver 300MTitanium and 18k Rose Gold Mens watch 210.60.42.20.99.001
Description: nan
Product 2: 
Title: Diver 300M 42mm TITANIUM TANTALUM SEDNA GOLD ON TITANIUM TANTALUM SEDNA GOLD 210.60.42.20.99.001
Description: nan
A: Let's think step by step! First, we can see that both products have the same model number: 210.60.42.20.99.001. This suggests that they are likely the same product. 
Looking at the titles, we can see that they both mention the Omega Seamaster Diver 300M, and both mention the use of titanium and gold in the watch. However, the second product also mentions the use of tantalum and Sedna gold, which are not mentioned in the first product. 
Overall, it seems likely that these two products are very similar, but there may be some slight differences in the materials used. Without more information, it's difficult to say for sure whether they are exactly the same.
The two products match.
Q: Could you please tell me if the following two products are the same one?
Product 1:
Title: Adaptador WiFi N PCI Express 150 Mbps 20dBm, 802.11b/g/n Chipset Atheros, 1 Antena 2 dBi desmontable.
Description: Adaptador WiFi N PCI Express 150 Mbps 20dBm, 802.11b/g/n Chipset Atheros, 1 Antena 2 dBi desmontable.
Product 2:
Title: TP-Link TL-WN781ND Netcard PCI-eX Wireless 150 mb
Description: none
A: Let's think step by step!","First, we can compare the titles and descriptions of the two products. The first product is an N PCI Express WiFi adapter with a maximum speed of 150 Mbps, using an Atheros chipset and a detachable 2 dBi antenna. The second product is a TP-Link netcard with a similar description, also offering wireless connectivity at 150 Mbps. \nBased on this information, it seems likely that the two products are very similar, but they may have some differences in terms of brand, specific features, or antenna type. Without more information, it's difficult to say for sure whether they are exactly the same. \nHowever, it's worth noting that the second product does not mention the use of an Atheros chipset or a detachable antenna, which are both mentioned in the first product. This suggests that there may be some differences between the two products. \nOverall, it's possible that the two products are similar enough to be considered the same for some purposes, but they may have some differences that could affect their compatibility or performance. \nThe two products may or may not match, depending on the specific criteria used to compare them.",No match.,False,True,FN,,,
19,136e98ba-ac14-42f4-8345-103a04fd95e3,gpt-3.5-turbo-0301,2023-10-20T12:35:32.199Z,2023-10-20T12:35:42.235Z,"Q: Are the following two products the same?
Product 1: 
Title: Daniel Wellington DW00100007 Classic Sheffield Rose 40mm White
Description: Case Diameter - 40mmCase thickness - 6mmDial colour - WhiteMovement - Japanese QuartzMaterial - Rose Gold Plated Stainless Steel (316L)Strap width - 20mmAdjustable length - (Min - Max) 165-215mmStrap - Leather StrapStrap colour - BlackInterchangeable
Product 2: 
Title: 0000010490| Samyang 24mm F1.4 Nikon AE Full Frame Lens
Description: 0000010490| Samyang 24mm F1.4 Nikon AE Full Frame Lens
A: Let's think step by step! First, we need to compare the titles and descriptions of the two products. The first product is a Daniel Wellington watch with a white dial and a black leather strap, while the second product is a Samyang camera lens with a 24mm focal length and a maximum aperture of f/1.4. 
Based on this information, we can conclude that the two products are not the same. They are completely different items from different categories.
The two products do not match.
Q: Are the following two products the same?
Product 1: 
Title: Omega Seamaster Diver 300MTitanium and 18k Rose Gold Mens watch 210.60.42.20.99.001
Description: nan
Product 2: 
Title: Diver 300M 42mm TITANIUM TANTALUM SEDNA GOLD ON TITANIUM TANTALUM SEDNA GOLD 210.60.42.20.99.001
Description: nan
A: Let's think step by step! First, we can see that both products have the same model number: 210.60.42.20.99.001. This suggests that they are likely the same product. 
Looking at the titles, we can see that they both mention the Omega Seamaster Diver 300M, and both mention the use of titanium and gold in the watch. However, the second product also mentions the use of tantalum and Sedna gold, which are not mentioned in the first product. 
Overall, it seems likely that these two products are very similar, but there may be some slight differences in the materials used. Without more information, it's difficult to say for sure whether they are exactly the same.
The two products match.
Q: Could you please tell me if the following two products are the same one?
Product 1:
Title: [Fujifilm]100 Sheet Fujifilm Instax Square Plain White Instant Polaroid Film for SQ 10 Camera | SP3 Printer
Description: 100 sheet instax Square Film
Product 2:
Title: Fujifilm Instax Square Film Twin Pack 20 Shots
Description: The Fujifilm Instax Film Square Twin Pack 20 Shots is designed for the Fujifilm Instax Square SQ6 instant camera. The film boasts the same professional high quality found in all Instax
A: Let's think step by step!","First, we can compare the titles and descriptions of the two products. The first product is a 100-sheet pack of Fujifilm Instax Square plain white instant film, which is compatible with the SQ 10 camera and SP3 printer. The second product is a twin pack of Fujifilm Instax Square film, which contains 20 shots and is designed for the SQ6 instant camera. \nBased on this information, we can see that the two products are not exactly the same. While they both involve Fujifilm Instax Square film, they are designed for different cameras and come in different quantities. \nTherefore, the two products are not the same.",no match,False,True,FN,,,
20,136e98ba-ac14-42f4-8345-103a04fd95e3,gpt-3.5-turbo-0301,2023-10-20T12:35:22.763Z,2023-10-20T12:35:30.727Z,"Q: Are the following two products the same?
Product 1: 
Title: Daniel Wellington DW00100007 Classic Sheffield Rose 40mm White
Description: Case Diameter - 40mmCase thickness - 6mmDial colour - WhiteMovement - Japanese QuartzMaterial - Rose Gold Plated Stainless Steel (316L)Strap width - 20mmAdjustable length - (Min - Max) 165-215mmStrap - Leather StrapStrap colour - BlackInterchangeable
Product 2: 
Title: 0000010490| Samyang 24mm F1.4 Nikon AE Full Frame Lens
Description: 0000010490| Samyang 24mm F1.4 Nikon AE Full Frame Lens
A: Let's think step by step! First, we need to compare the titles and descriptions of the two products. The first product is a Daniel Wellington watch with a white dial and a black leather strap, while the second product is a Samyang camera lens with a 24mm focal length and a maximum aperture of f/1.4. 
Based on this information, we can conclude that the two products are not the same. They are completely different items from different categories.
The two products do not match.
Q: Are the following two products the same?
Product 1: 
Title: Omega Seamaster Diver 300MTitanium and 18k Rose Gold Mens watch 210.60.42.20.99.001
Description: nan
Product 2: 
Title: Diver 300M 42mm TITANIUM TANTALUM SEDNA GOLD ON TITANIUM TANTALUM SEDNA GOLD 210.60.42.20.99.001
Description: nan
A: Let's think step by step! First, we can see that both products have the same model number: 210.60.42.20.99.001. This suggests that they are likely the same product. 
Looking at the titles, we can see that they both mention the Omega Seamaster Diver 300M, and both mention the use of titanium and gold in the watch. However, the second product also mentions the use of tantalum and Sedna gold, which are not mentioned in the first product. 
Overall, it seems likely that these two products are very similar, but there may be some slight differences in the materials used. Without more information, it's difficult to say for sure whether they are exactly the same.
The two products match.
Q: Could you please tell me if the following two products are the same one?
Product 1:
Title: Western Digital Blue PC 2.5\"" 250 GB Serial ATA III
Description: 250 GB, 2.5\"", SATA 6Gb/s, 540/500 MB/s
Product 2:
Title: WD Blue 250GB - [WDS250G1B0A] SSD
Description: (Solid, -, 2.5\"", 250GB, Blue, Drive), SATA, SSD, State, WD, Western Digital, [WDS250G1B0A]
A: Let's think step by step!","First, we can see that both products are made by Western Digital and have a storage capacity of 250GB. However, the first product is a traditional hard drive with a SATA III interface, while the second product is a solid-state drive (SSD) with a SATA interface. \nTherefore, while both products have the same storage capacity and are made by the same company, they are not the same product. They are different types of storage devices with different interfaces and technologies. \nThe two products do not match.",no match,False,True,FN,,,
22,136e98ba-ac14-42f4-8345-103a04fd95e3,gpt-3.5-turbo-0301,2023-10-20T12:34:52.483Z,2023-10-20T12:35:06.588Z,"Q: Are the following two products the same?
Product 1: 
Title: Daniel Wellington DW00100007 Classic Sheffield Rose 40mm White
Description: Case Diameter - 40mmCase thickness - 6mmDial colour - WhiteMovement - Japanese QuartzMaterial - Rose Gold Plated Stainless Steel (316L)Strap width - 20mmAdjustable length - (Min - Max) 165-215mmStrap - Leather StrapStrap colour - BlackInterchangeable
Product 2: 
Title: 0000010490| Samyang 24mm F1.4 Nikon AE Full Frame Lens
Description: 0000010490| Samyang 24mm F1.4 Nikon AE Full Frame Lens
A: Let's think step by step! First, we need to compare the titles and descriptions of the two products. The first product is a Daniel Wellington watch with a white dial and a black leather strap, while the second product is a Samyang camera lens with a 24mm focal length and a maximum aperture of f/1.4. 
Based on this information, we can conclude that the two products are not the same. They are completely different items from different categories.
The two products do not match.
Q: Are the following two products the same?
Product 1: 
Title: Omega Seamaster Diver 300MTitanium and 18k Rose Gold Mens watch 210.60.42.20.99.001
Description: nan
Product 2: 
Title: Diver 300M 42mm TITANIUM TANTALUM SEDNA GOLD ON TITANIUM TANTALUM SEDNA GOLD 210.60.42.20.99.001
Description: nan
A: Let's think step by step! First, we can see that both products have the same model number: 210.60.42.20.99.001. This suggests that they are likely the same product. 
Looking at the titles, we can see that they both mention the Omega Seamaster Diver 300M, and both mention the use of titanium and gold in the watch. However, the second product also mentions the use of tantalum and Sedna gold, which are not mentioned in the first product. 
Overall, it seems likely that these two products are very similar, but there may be some slight differences in the materials used. Without more information, it's difficult to say for sure whether they are exactly the same.
The two products match.
Q: Could you please tell me if the following two products are the same one?
Product 1:
Title: Refill #012: Sketch Paper Notebook
Description: Notebook with quality sketch paper - another useful refill for the Traveler's Notebook. When does it come in handy?If you draw, paint and do not want to be restricted by plain paper. This one is thick, so it can bear even water based paints. It's als
Product 2:
Title: 012 Traveler's Notebook Regular- Refill - Sketch Notebook
Description: TheTRAVELER'S Notebook SketchRefillallows you to bring your sketching wherever you go. Each sketchbook refill has 48 stitch-bound pages of perforated paper, with a more substantial thickness that is suitable for fountain pen ink or light water media.
A: Let's think step by step!","First, we can compare the titles and descriptions of the two products. Both products are refills for the Traveler's Notebook, but the first product is specifically described as a \sketch paper notebook\ while the second product is a \sketch notebook\ with thicker paper suitable for fountain pen ink or light water media. \nBased on this information, it seems likely that the two products are similar but not exactly the same. The first product may have thinner paper that is better suited for drawing and painting, while the second product has thicker paper that is better suited for writing with a fountain pen. \nWithout more information, it's difficult to say for sure whether the two products are exactly the same. However, based on the differences in their descriptions, it seems likely that they are not identical. \nThe two products may be similar, but they are not the same.",No match.,False,True,FN,,,
27,136e98ba-ac14-42f4-8345-103a04fd95e3,gpt-3.5-turbo-0301,2023-10-20T12:33:54.846Z,2023-10-20T12:34:05.882Z,"Q: Are the following two products the same?
Product 1: 
Title: Daniel Wellington DW00100007 Classic Sheffield Rose 40mm White
Description: Case Diameter - 40mmCase thickness - 6mmDial colour - WhiteMovement - Japanese QuartzMaterial - Rose Gold Plated Stainless Steel (316L)Strap width - 20mmAdjustable length - (Min - Max) 165-215mmStrap - Leather StrapStrap colour - BlackInterchangeable
Product 2: 
Title: 0000010490| Samyang 24mm F1.4 Nikon AE Full Frame Lens
Description: 0000010490| Samyang 24mm F1.4 Nikon AE Full Frame Lens
A: Let's think step by step! First, we need to compare the titles and descriptions of the two products. The first product is a Daniel Wellington watch with a white dial and a black leather strap, while the second product is a Samyang camera lens with a 24mm focal length and a maximum aperture of f/1.4. 
Based on this information, we can conclude that the two products are not the same. They are completely different items from different categories.
The two products do not match.
Q: Are the following two products the same?
Product 1: 
Title: Omega Seamaster Diver 300MTitanium and 18k Rose Gold Mens watch 210.60.42.20.99.001
Description: nan
Product 2: 
Title: Diver 300M 42mm TITANIUM TANTALUM SEDNA GOLD ON TITANIUM TANTALUM SEDNA GOLD 210.60.42.20.99.001
Description: nan
A: Let's think step by step! First, we can see that both products have the same model number: 210.60.42.20.99.001. This suggests that they are likely the same product. 
Looking at the titles, we can see that they both mention the Omega Seamaster Diver 300M, and both mention the use of titanium and gold in the watch. However, the second product also mentions the use of tantalum and Sedna gold, which are not mentioned in the first product. 
Overall, it seems likely that these two products are very similar, but there may be some slight differences in the materials used. Without more information, it's difficult to say for sure whether they are exactly the same.
The two products match.
Q: Could you please tell me if the following two products are the same one?
Product 1:
Title: Traveler's Company 014. CRAFT PAPER (64PG) MIDORI TRAVELER'S NOTEBOOK
Description: none
Product 2:
Title: Refill #012: Sketch Paper Notebook
Description: Notebook with quality sketch paper - another useful refill for the Traveler's Notebook. When does it come in handy?If you draw, paint and do not want to be restricted by plain paper. This one is thick, so it can bear even water based paints. It's als
A: Let's think step by step!","First, we can compare the titles and descriptions of the two products. The first product is a Craft Paper notebook refill for the Midori Traveler's Notebook, while the second product is a Sketch Paper notebook refill for the same notebook. \nBased on this information, we can conclude that the two products are not exactly the same, but they are both refills for the same notebook. They have different types of paper, with the first product being craft paper and the second product being sketch paper. \nOverall, while they are not identical, they are related products that serve a similar purpose. \nThe two products are not exactly the same, but they are related.",match,True,False,FP,,,
31,136e98ba-ac14-42f4-8345-103a04fd95e3,gpt-3.5-turbo-0301,2023-10-20T12:33:14.274Z,2023-10-20T12:33:21.818Z,"Q: Are the following two products the same?
Product 1: 
Title: Daniel Wellington DW00100007 Classic Sheffield Rose 40mm White
Description: Case Diameter - 40mmCase thickness - 6mmDial colour - WhiteMovement - Japanese QuartzMaterial - Rose Gold Plated Stainless Steel (316L)Strap width - 20mmAdjustable length - (Min - Max) 165-215mmStrap - Leather StrapStrap colour - BlackInterchangeable
Product 2: 
Title: 0000010490| Samyang 24mm F1.4 Nikon AE Full Frame Lens
Description: 0000010490| Samyang 24mm F1.4 Nikon AE Full Frame Lens
A: Let's think step by step! First, we need to compare the titles and descriptions of the two products. The first product is a Daniel Wellington watch with a white dial and a black leather strap, while the second product is a Samyang camera lens with a 24mm focal length and a maximum aperture of f/1.4. 
Based on this information, we can conclude that the two products are not the same. They are completely different items from different categories.
The two products do not match.
Q: Are the following two products the same?
Product 1: 
Title: Omega Seamaster Diver 300MTitanium and 18k Rose Gold Mens watch 210.60.42.20.99.001
Description: nan
Product 2: 
Title: Diver 300M 42mm TITANIUM TANTALUM SEDNA GOLD ON TITANIUM TANTALUM SEDNA GOLD 210.60.42.20.99.001
Description: nan
A: Let's think step by step! First, we can see that both products have the same model number: 210.60.42.20.99.001. This suggests that they are likely the same product. 
Looking at the titles, we can see that they both mention the Omega Seamaster Diver 300M, and both mention the use of titanium and gold in the watch. However, the second product also mentions the use of tantalum and Sedna gold, which are not mentioned in the first product. 
Overall, it seems likely that these two products are very similar, but there may be some slight differences in the materials used. Without more information, it's difficult to say for sure whether they are exactly the same.
The two products match.
Q: Could you please tell me if the following two products are the same one?
Product 1:
Title: SanDisk Extreme PRO UHS-II SD Card Reader USB 3.0
Description: Maximize workflow efficiencyThe SanDisk Extreme PRO® SDTM UHS-II Card Reader/Writer is designed to increase workflow efficiency for professional photographers and videographers. Small enough for fieldwork, the compact reader is built to handle the hi
Product 2:
Title: Shimano BB-MT800 Threaded Bottom Bracket
Description: Genuine Shimano HollowTech II bottom bracket; enjoy maintenance free performance from this XT MT800 Bottom Bracket that has sealed cups to prevent water and mud ingress.Features:Set includes left and right hand cups, spacers, inner cover, and inner O
A: Let's think step by step!","First, we can compare the titles and descriptions of the two products. The first product is a SanDisk SD card reader designed for professional photographers and videographers to increase workflow efficiency. The second product is a Shimano bottom bracket for a bike, with sealed cups to prevent water and mud ingress. \nBased on this information, we can conclude that the two products are not the same. They are completely different items from different categories.\nThe two products do not match.",no match,False,False,NONE,,,
34,136e98ba-ac14-42f4-8345-103a04fd95e3,gpt-3.5-turbo-0301,2023-10-20T12:32:42.454Z,2023-10-20T12:32:50.692Z,"Q: Are the following two products the same?
Product 1: 
Title: Daniel Wellington DW00100007 Classic Sheffield Rose 40mm White
Description: Case Diameter - 40mmCase thickness - 6mmDial colour - WhiteMovement - Japanese QuartzMaterial - Rose Gold Plated Stainless Steel (316L)Strap width - 20mmAdjustable length - (Min - Max) 165-215mmStrap - Leather StrapStrap colour - BlackInterchangeable
Product 2: 
Title: 0000010490| Samyang 24mm F1.4 Nikon AE Full Frame Lens
Description: 0000010490| Samyang 24mm F1.4 Nikon AE Full Frame Lens
A: Let's think step by step! First, we need to compare the titles and descriptions of the two products. The first product is a Daniel Wellington watch with a white dial and a black leather strap, while the second product is a Samyang camera lens with a 24mm focal length and a maximum aperture of f/1.4. 
Based on this information, we can conclude that the two products are not the same. They are completely different items from different categories.
The two products do not match.
Q: Are the following two products the same?
Product 1: 
Title: Omega Seamaster Diver 300MTitanium and 18k Rose Gold Mens watch 210.60.42.20.99.001
Description: nan
Product 2: 
Title: Diver 300M 42mm TITANIUM TANTALUM SEDNA GOLD ON TITANIUM TANTALUM SEDNA GOLD 210.60.42.20.99.001
Description: nan
A: Let's think step by step! First, we can see that both products have the same model number: 210.60.42.20.99.001. This suggests that they are likely the same product. 
Looking at the titles, we can see that they both mention the Omega Seamaster Diver 300M, and both mention the use of titanium and gold in the watch. However, the second product also mentions the use of tantalum and Sedna gold, which are not mentioned in the first product. 
Overall, it seems likely that these two products are very similar, but there may be some slight differences in the materials used. Without more information, it's difficult to say for sure whether they are exactly the same.
The two products match.
Q: Could you please tell me if the following two products are the same one?
Product 1:
Title: 002 TN Regular Refill Grid Notebook Basic Item TRC
Description: Traveler's company
Product 2:
Title: 012 Traveler's Notebook Regular- Refill - Sketch Notebook
Description: TheTRAVELER'S Notebook SketchRefillallows you to bring your sketching wherever you go. Each sketchbook refill has 48 stitch-bound pages of perforated paper, with a more substantial thickness that is suitable for fountain pen ink or light water media.
A: Let's think step by step!","First, we can compare the titles and descriptions of the two products. The first product is a Traveler's Company notebook refill with a grid pattern, while the second product is a Traveler's Notebook refill specifically designed for sketching, with thicker paper suitable for fountain pen ink or light water media. \nBased on this information, we can conclude that the two products are not the same. They are both Traveler's Notebook refills, but they serve different purposes and have different features.\nThe two products do not match.",no match,False,False,NONE,,,
39,136e98ba-ac14-42f4-8345-103a04fd95e3,gpt-3.5-turbo-0301,2023-10-20T12:31:57.337Z,2023-10-20T12:32:05.338Z,"Q: Are the following two products the same?
Product 1: 
Title: Daniel Wellington DW00100007 Classic Sheffield Rose 40mm White
Description: Case Diameter - 40mmCase thickness - 6mmDial colour - WhiteMovement - Japanese QuartzMaterial - Rose Gold Plated Stainless Steel (316L)Strap width - 20mmAdjustable length - (Min - Max) 165-215mmStrap - Leather StrapStrap colour - BlackInterchangeable
Product 2: 
Title: 0000010490| Samyang 24mm F1.4 Nikon AE Full Frame Lens
Description: 0000010490| Samyang 24mm F1.4 Nikon AE Full Frame Lens
A: Let's think step by step! First, we need to compare the titles and descriptions of the two products. The first product is a Daniel Wellington watch with a white dial and a black leather strap, while the second product is a Samyang camera lens with a 24mm focal length and a maximum aperture of f/1.4. 
Based on this information, we can conclude that the two products are not the same. They are completely different items from different categories.
The two products do not match.
Q: Are the following two products the same?
Product 1: 
Title: Omega Seamaster Diver 300MTitanium and 18k Rose Gold Mens watch 210.60.42.20.99.001
Description: nan
Product 2: 
Title: Diver 300M 42mm TITANIUM TANTALUM SEDNA GOLD ON TITANIUM TANTALUM SEDNA GOLD 210.60.42.20.99.001
Description: nan
A: Let's think step by step! First, we can see that both products have the same model number: 210.60.42.20.99.001. This suggests that they are likely the same product. 
Looking at the titles, we can see that they both mention the Omega Seamaster Diver 300M, and both mention the use of titanium and gold in the watch. However, the second product also mentions the use of tantalum and Sedna gold, which are not mentioned in the first product. 
Overall, it seems likely that these two products are very similar, but there may be some slight differences in the materials used. Without more information, it's difficult to say for sure whether they are exactly the same.
The two products match.
Q: Could you please tell me if the following two products are the same one?
Product 1:
Title: SAMSUNG 65\"" 4K UHD Smart QLED TV (QN65Q70T)
Description: Quantum Processor 4KDual LEDAdaptive PictureActive Voice Amplifier
Product 2:
Title: Maxxis Minion DHR II 29\"" DD/3C/TR
Description: Minion DHR II 29 x 2.35 tubeless ready tyre with Double down casing and 3C Maxx Terra.For our full range of Bike Accessories visit Evans Cycles
A: Let's think step by step!","First, we can compare the titles and descriptions of the two products. The first product is a Samsung 65\ 4K UHD Smart QLED TV with features such as a Quantum Processor 4K and Adaptive Picture. The second product is a Maxxis Minion DHR II 29\ tubeless ready tire for bikes with a Double Down casing and 3C Maxx Terra. \nBased on this information, we can conclude that the two products are not the same. They are completely different items from different categories.\nThe two products do not match.",no match,False,False,NONE,,,
58,136e98ba-ac14-42f4-8345-103a04fd95e3,gpt-3.5-turbo-0301,2023-10-20T12:28:35.808Z,2023-10-20T12:28:44.046Z,"Q: Are the following two products the same?
Product 1: 
Title: Daniel Wellington DW00100007 Classic Sheffield Rose 40mm White
Description: Case Diameter - 40mmCase thickness - 6mmDial colour - WhiteMovement - Japanese QuartzMaterial - Rose Gold Plated Stainless Steel (316L)Strap width - 20mmAdjustable length - (Min - Max) 165-215mmStrap - Leather StrapStrap colour - BlackInterchangeable
Product 2: 
Title: 0000010490| Samyang 24mm F1.4 Nikon AE Full Frame Lens
Description: 0000010490| Samyang 24mm F1.4 Nikon AE Full Frame Lens
A: Let's think step by step! First, we need to compare the titles and descriptions of the two products. The first product is a Daniel Wellington watch with a white dial and a black leather strap, while the second product is a Samyang camera lens with a 24mm focal length and a maximum aperture of f/1.4. 
Based on this information, we can conclude that the two products are not the same. They are completely different items from different categories.
The two products do not match.
Q: Are the following two products the same?
Product 1: 
Title: Omega Seamaster Diver 300MTitanium and 18k Rose Gold Mens watch 210.60.42.20.99.001
Description: nan
Product 2: 
Title: Diver 300M 42mm TITANIUM TANTALUM SEDNA GOLD ON TITANIUM TANTALUM SEDNA GOLD 210.60.42.20.99.001
Description: nan
A: Let's think step by step! First, we can see that both products have the same model number: 210.60.42.20.99.001. This suggests that they are likely the same product. 
Looking at the titles, we can see that they both mention the Omega Seamaster Diver 300M, and both mention the use of titanium and gold in the watch. However, the second product also mentions the use of tantalum and Sedna gold, which are not mentioned in the first product. 
Overall, it seems likely that these two products are very similar, but there may be some slight differences in the materials used. Without more information, it's difficult to say for sure whether they are exactly the same.
The two products match.
Q: Could you please tell me if the following two products are the same one?
Product 1:
Title: WD Blue 3D - 2048 GB - M.2 - 560 MB/s - 6 Gbit/s WDS200T2B0B
Description: WD Blue 3D - 2048 GB - M.2 - 560 MB/s - 6 Gbit/s TB - M.2 - SATA 6Gb/s - 560/530 MB/s Western Digital Blue 3D. SSD capacity: 2048 GB, SSD form factor: M.2, Read speed: 560 MB/s, Write speed: 530 MB/s, Data transfer rate: 6 Gbit/s, Component for: PC/n
Product 2:
Title: SanDisk ""Plus"" SSD Hard Drive, 120GB, SATA 3 (6Gbit, s)
Description: RELIABLE, FAST AND PLENTY OF CAPACITYSanDisk, a pioneer in solid state storage technologies and the brand pros trust, delivers improved speed and performance with the SanDisk SSD Plus. With sequential read speeds of up to 535MB/s, this solid state dr
A: Let's think step by step!","First, we can compare the titles and descriptions of the two products. The first product is a WD Blue 3D SSD with a capacity of 2048 GB and an M.2 form factor, while the second product is a SanDisk SSD with a capacity of 120GB and a SATA 3 interface. \nBased on this information, we can conclude that the two products are not the same. They have different capacities, form factors, and interfaces, and are from different brands. \nThe two products do not match.",no match,False,False,NONE,,,
62,136e98ba-ac14-42f4-8345-103a04fd95e3,gpt-3.5-turbo-0301,2023-10-20T12:27:48.628Z,2023-10-20T12:27:59.566Z,"Q: Are the following two products the same?
Product 1: 
Title: Daniel Wellington DW00100007 Classic Sheffield Rose 40mm White
Description: Case Diameter - 40mmCase thickness - 6mmDial colour - WhiteMovement - Japanese QuartzMaterial - Rose Gold Plated Stainless Steel (316L)Strap width - 20mmAdjustable length - (Min - Max) 165-215mmStrap - Leather StrapStrap colour - BlackInterchangeable
Product 2: 
Title: 0000010490| Samyang 24mm F1.4 Nikon AE Full Frame Lens
Description: 0000010490| Samyang 24mm F1.4 Nikon AE Full Frame Lens
A: Let's think step by step! First, we need to compare the titles and descriptions of the two products. The first product is a Daniel Wellington watch with a white dial and a black leather strap, while the second product is a Samyang camera lens with a 24mm focal length and a maximum aperture of f/1.4. 
Based on this information, we can conclude that the two products are not the same. They are completely different items from different categories.
The two products do not match.
Q: Are the following two products the same?
Product 1: 
Title: Omega Seamaster Diver 300MTitanium and 18k Rose Gold Mens watch 210.60.42.20.99.001
Description: nan
Product 2: 
Title: Diver 300M 42mm TITANIUM TANTALUM SEDNA GOLD ON TITANIUM TANTALUM SEDNA GOLD 210.60.42.20.99.001
Description: nan
A: Let's think step by step! First, we can see that both products have the same model number: 210.60.42.20.99.001. This suggests that they are likely the same product. 
Looking at the titles, we can see that they both mention the Omega Seamaster Diver 300M, and both mention the use of titanium and gold in the watch. However, the second product also mentions the use of tantalum and Sedna gold, which are not mentioned in the first product. 
Overall, it seems likely that these two products are very similar, but there may be some slight differences in the materials used. Without more information, it's difficult to say for sure whether they are exactly the same.
The two products match.
Q: Could you please tell me if the following two products are the same one?
Product 1:
Title: Tp-Link Wireless N USB Adapter 300Mbps
Description: none
Product 2:
Title: TP-Link EAP110 300Mbps Wireless N300 Ceiling Mount Access Point 1x1Gbps RJ45 PoE 1x Console Port 2x4dBi Omni Internal Antenna
Description: 300Mbps Wireless N Ceiling Mount Access Point EAP110EAP Controller Software enables administrators to easily manage hundreds of EAPsSupports passive PoE for convenient installation up to 100metersCeiling mounting design with chassis make it easy to d
A: Let's think step by step!","First, we need to compare the titles and descriptions of the two products. The first product is a TP-Link wireless N USB adapter with a speed of 300Mbps, while the second product is a TP-Link wireless N ceiling mount access point with a speed of 300Mbps, 1x1Gbps RJ45 PoE, and 2x4dBi Omni internal antenna. \nBased on this information, we can conclude that the two products are not the same. They are both TP-Link wireless N devices, but one is a USB adapter and the other is a ceiling mount access point. They serve different purposes and have different features. \nThe two products do not match.",no match,False,False,NONE,,,
88,136e98ba-ac14-42f4-8345-103a04fd95e3,gpt-3.5-turbo-0301,2023-10-20T12:22:51.585Z,2023-10-20T12:23:01.867Z,"Q: Are the following two products the same?
Product 1: 
Title: Daniel Wellington DW00100007 Classic Sheffield Rose 40mm White
Description: Case Diameter - 40mmCase thickness - 6mmDial colour - WhiteMovement - Japanese QuartzMaterial - Rose Gold Plated Stainless Steel (316L)Strap width - 20mmAdjustable length - (Min - Max) 165-215mmStrap - Leather StrapStrap colour - BlackInterchangeable
Product 2: 
Title: 0000010490| Samyang 24mm F1.4 Nikon AE Full Frame Lens
Description: 0000010490| Samyang 24mm F1.4 Nikon AE Full Frame Lens
A: Let's think step by step! First, we need to compare the titles and descriptions of the two products. The first product is a Daniel Wellington watch with a white dial and a black leather strap, while the second product is a Samyang camera lens with a 24mm focal length and a maximum aperture of f/1.4. 
Based on this information, we can conclude that the two products are not the same. They are completely different items from different categories.
The two products do not match.
Q: Are the following two products the same?
Product 1: 
Title: Omega Seamaster Diver 300MTitanium and 18k Rose Gold Mens watch 210.60.42.20.99.001
Description: nan
Product 2: 
Title: Diver 300M 42mm TITANIUM TANTALUM SEDNA GOLD ON TITANIUM TANTALUM SEDNA GOLD 210.60.42.20.99.001
Description: nan
A: Let's think step by step! First, we can see that both products have the same model number: 210.60.42.20.99.001. This suggests that they are likely the same product. 
Looking at the titles, we can see that they both mention the Omega Seamaster Diver 300M, and both mention the use of titanium and gold in the watch. However, the second product also mentions the use of tantalum and Sedna gold, which are not mentioned in the first product. 
Overall, it seems likely that these two products are very similar, but there may be some slight differences in the materials used. Without more information, it's difficult to say for sure whether they are exactly the same.
The two products match.
Q: Could you please tell me if the following two products are the same one?
Product 1:
Title: WD Blue 3D NAND 250GB Internal SSD - SATA III 6Gb/s M.2 2280 Solid State Drive - WDS250G2B0B
Description: WD Blue 3D NAND 250GB Internal SSD - SATA III 6Gb/s M.2 2280 Solid State Drive - WDS250G2B0B
Product 2:
Title: Gigabyte SSD 240GB 2.5\"" Serial ATA III
Description: none
A: Let's think step by step!","First, we can compare the titles and descriptions of the two products. The first product is a WD Blue 3D NAND 250GB Internal SSD with a SATA III 6Gb/s M.2 2280 form factor and model number WDS250G2B0B. The second product is a Gigabyte SSD with a 240GB capacity and a 2.5\ form factor, but no model number is provided. \nBased on this information, we can conclude that the two products are not the same. They have different capacities, form factors, and brand names. \nThe two products do not match.",No match.,False,False,NONE,,,
89,136e98ba-ac14-42f4-8345-103a04fd95e3,gpt-3.5-turbo-0301,2023-10-20T12:22:39.043Z,2023-10-20T12:22:50.041Z,"Q: Are the following two products the same?
Product 1: 
Title: Daniel Wellington DW00100007 Classic Sheffield Rose 40mm White
Description: Case Diameter - 40mmCase thickness - 6mmDial colour - WhiteMovement - Japanese QuartzMaterial - Rose Gold Plated Stainless Steel (316L)Strap width - 20mmAdjustable length - (Min - Max) 165-215mmStrap - Leather StrapStrap colour - BlackInterchangeable
Product 2: 
Title: 0000010490| Samyang 24mm F1.4 Nikon AE Full Frame Lens
Description: 0000010490| Samyang 24mm F1.4 Nikon AE Full Frame Lens
A: Let's think step by step! First, we need to compare the titles and descriptions of the two products. The first product is a Daniel Wellington watch with a white dial and a black leather strap, while the second product is a Samyang camera lens with a 24mm focal length and a maximum aperture of f/1.4. 
Based on this information, we can conclude that the two products are not the same. They are completely different items from different categories.
The two products do not match.
Q: Are the following two products the same?
Product 1: 
Title: Omega Seamaster Diver 300MTitanium and 18k Rose Gold Mens watch 210.60.42.20.99.001
Description: nan
Product 2: 
Title: Diver 300M 42mm TITANIUM TANTALUM SEDNA GOLD ON TITANIUM TANTALUM SEDNA GOLD 210.60.42.20.99.001
Description: nan
A: Let's think step by step! First, we can see that both products have the same model number: 210.60.42.20.99.001. This suggests that they are likely the same product. 
Looking at the titles, we can see that they both mention the Omega Seamaster Diver 300M, and both mention the use of titanium and gold in the watch. However, the second product also mentions the use of tantalum and Sedna gold, which are not mentioned in the first product. 
Overall, it seems likely that these two products are very similar, but there may be some slight differences in the materials used. Without more information, it's difficult to say for sure whether they are exactly the same.
The two products match.
Q: Could you please tell me if the following two products are the same one?
Product 1:
Title: WD Blue 3D - 2048 GB - M.2 - 560 MB/s - 6 Gbit/s WDS200T2B0B
Description: WD Blue 3D - 2048 GB - M.2 - 560 MB/s - 6 Gbit/s TB - M.2 - SATA 6Gb/s - 560/530 MB/s Western Digital Blue 3D. SSD capacity: 2048 GB, SSD form factor: M.2, Read speed: 560 MB/s, Write speed: 530 MB/s, Data transfer rate: 6 Gbit/s, Component for: PC/n
Product 2:
Title: WD 250GB Blue Series m.2 SSD WDS250G2B0B
Description: HDSSD00250WDC003
A: Let's think step by step!","First, we need to compare the titles and descriptions of the two products. The first product is a WD Blue 3D SSD with a capacity of 2048 GB and an M.2 form factor, with read and write speeds of 560 MB/s and 530 MB/s respectively. The second product is a WD Blue Series SSD with a capacity of 250 GB and an M.2 form factor, but no read or write speeds are mentioned. \nBased on this information, we can conclude that the two products are not the same. They are both SSDs with an M.2 form factor, but they have different capacities and speeds. \nThe two products do not match.",no match,False,False,NONE,,,
91,136e98ba-ac14-42f4-8345-103a04fd95e3,gpt-3.5-turbo-0301,2023-10-20T12:22:17.169Z,2023-10-20T12:22:26.215Z,"Q: Are the following two products the same?
Product 1: 
Title: Daniel Wellington DW00100007 Classic Sheffield Rose 40mm White
Description: Case Diameter - 40mmCase thickness - 6mmDial colour - WhiteMovement - Japanese QuartzMaterial - Rose Gold Plated Stainless Steel (316L)Strap width - 20mmAdjustable length - (Min - Max) 165-215mmStrap - Leather StrapStrap colour - BlackInterchangeable
Product 2: 
Title: 0000010490| Samyang 24mm F1.4 Nikon AE Full Frame Lens
Description: 0000010490| Samyang 24mm F1.4 Nikon AE Full Frame Lens
A: Let's think step by step! First, we need to compare the titles and descriptions of the two products. The first product is a Daniel Wellington watch with a white dial and a black leather strap, while the second product is a Samyang camera lens with a 24mm focal length and a maximum aperture of f/1.4. 
Based on this information, we can conclude that the two products are not the same. They are completely different items from different categories.
The two products do not match.
Q: Are the following two products the same?
Product 1: 
Title: Omega Seamaster Diver 300MTitanium and 18k Rose Gold Mens watch 210.60.42.20.99.001
Description: nan
Product 2: 
Title: Diver 300M 42mm TITANIUM TANTALUM SEDNA GOLD ON TITANIUM TANTALUM SEDNA GOLD 210.60.42.20.99.001
Description: nan
A: Let's think step by step! First, we can see that both products have the same model number: 210.60.42.20.99.001. This suggests that they are likely the same product. 
Looking at the titles, we can see that they both mention the Omega Seamaster Diver 300M, and both mention the use of titanium and gold in the watch. However, the second product also mentions the use of tantalum and Sedna gold, which are not mentioned in the first product. 
Overall, it seems likely that these two products are very similar, but there may be some slight differences in the materials used. Without more information, it's difficult to say for sure whether they are exactly the same.
The two products match.
Q: Could you please tell me if the following two products are the same one?
Product 1:
Title: Seagate EXOS 10TB 3.5\"" SATA Enterprise HDD/Hard Drive 7200rpm
Description: 10TB Seagate EXOS ST10000NM0016, 3.5\"" Enterprise HDD, SATA III - 6GB/s, 7200rpm, 256MB Cache, 512E, 4.16ms, OEM
Product 2:
Title: [Fujifilm]100 Sheet Fujifilm Instax Square Plain White Instant Polaroid Film for SQ 10 Camera | SP3 Printer
Description: 100 sheet instax Square Film
A: Let's think step by step!","First, we can compare the titles and descriptions of the two products. The first product is a Seagate hard drive with a capacity of 10TB, a 3.5\ form factor, and a SATA III interface. The second product is Fujifilm Instax Square instant film with 100 sheets. \nBased on this information, we can conclude that the two products are not the same. They are completely different items from different categories.\nThe two products do not match.",no match,False,False,NONE,,,
102,136e98ba-ac14-42f4-8345-103a04fd95e3,gpt-3.5-turbo-0301,2023-10-20T12:20:32.274Z,2023-10-20T12:20:38.474Z,"Q: Are the following two products the same?
Product 1: 
Title: Daniel Wellington DW00100007 Classic Sheffield Rose 40mm White
Description: Case Diameter - 40mmCase thickness - 6mmDial colour - WhiteMovement - Japanese QuartzMaterial - Rose Gold Plated Stainless Steel (316L)Strap width - 20mmAdjustable length - (Min - Max) 165-215mmStrap - Leather StrapStrap colour - BlackInterchangeable
Product 2: 
Title: 0000010490| Samyang 24mm F1.4 Nikon AE Full Frame Lens
Description: 0000010490| Samyang 24mm F1.4 Nikon AE Full Frame Lens
A: Let's think step by step! First, we need to compare the titles and descriptions of the two products. The first product is a Daniel Wellington watch with a white dial and a black leather strap, while the second product is a Samyang camera lens with a 24mm focal length and a maximum aperture of f/1.4. 
Based on this information, we can conclude that the two products are not the same. They are completely different items from different categories.
The two products do not match.
Q: Are the following two products the same?
Product 1: 
Title: Omega Seamaster Diver 300MTitanium and 18k Rose Gold Mens watch 210.60.42.20.99.001
Description: nan
Product 2: 
Title: Diver 300M 42mm TITANIUM TANTALUM SEDNA GOLD ON TITANIUM TANTALUM SEDNA GOLD 210.60.42.20.99.001
Description: nan
A: Let's think step by step! First, we can see that both products have the same model number: 210.60.42.20.99.001. This suggests that they are likely the same product. 
Looking at the titles, we can see that they both mention the Omega Seamaster Diver 300M, and both mention the use of titanium and gold in the watch. However, the second product also mentions the use of tantalum and Sedna gold, which are not mentioned in the first product. 
Overall, it seems likely that these two products are very similar, but there may be some slight differences in the materials used. Without more information, it's difficult to say for sure whether they are exactly the same.
The two products match.
Q: Could you please tell me if the following two products are the same one?
Product 1:
Title: Zebra Black Monochrome Ribbon 800011-101 - 1000 Prints
Description: none
Product 2:
Title: Fujifilm 16531958 instant picture film 54 x 86 mm 10 pc(s)
Description: This single pack of FUJIFILM INSTAX Mini Monochrome Instant Film contains 10 sheets of instant black & white film that is compatible for use with the FUJIFILM INSTAX Mini series of cameras or INSTAX SHARE printers. This film features neutral gray ton
A: Let's think step by step!","First, we can compare the titles and descriptions of the two products. The first product is a Zebra Black Monochrome Ribbon for printing, while the second product is a pack of Fujifilm instant picture film for cameras or printers. \nBased on this information, we can conclude that the two products are not the same. They are completely different items from different categories.\nThe two products do not match.",no match,False,False,NONE,,,
105,136e98ba-ac14-42f4-8345-103a04fd95e3,gpt-3.5-turbo-0301,2023-10-20T12:19:50.774Z,2023-10-20T12:20:04.073Z,"Q: Are the following two products the same?
Product 1: 
Title: Daniel Wellington DW00100007 Classic Sheffield Rose 40mm White
Description: Case Diameter - 40mmCase thickness - 6mmDial colour - WhiteMovement - Japanese QuartzMaterial - Rose Gold Plated Stainless Steel (316L)Strap width - 20mmAdjustable length - (Min - Max) 165-215mmStrap - Leather StrapStrap colour - BlackInterchangeable
Product 2: 
Title: 0000010490| Samyang 24mm F1.4 Nikon AE Full Frame Lens
Description: 0000010490| Samyang 24mm F1.4 Nikon AE Full Frame Lens
A: Let's think step by step! First, we need to compare the titles and descriptions of the two products. The first product is a Daniel Wellington watch with a white dial and a black leather strap, while the second product is a Samyang camera lens with a 24mm focal length and a maximum aperture of f/1.4. 
Based on this information, we can conclude that the two products are not the same. They are completely different items from different categories.
The two products do not match.
Q: Are the following two products the same?
Product 1: 
Title: Omega Seamaster Diver 300MTitanium and 18k Rose Gold Mens watch 210.60.42.20.99.001
Description: nan
Product 2: 
Title: Diver 300M 42mm TITANIUM TANTALUM SEDNA GOLD ON TITANIUM TANTALUM SEDNA GOLD 210.60.42.20.99.001
Description: nan
A: Let's think step by step! First, we can see that both products have the same model number: 210.60.42.20.99.001. This suggests that they are likely the same product. 
Looking at the titles, we can see that they both mention the Omega Seamaster Diver 300M, and both mention the use of titanium and gold in the watch. However, the second product also mentions the use of tantalum and Sedna gold, which are not mentioned in the first product. 
Overall, it seems likely that these two products are very similar, but there may be some slight differences in the materials used. Without more information, it's difficult to say for sure whether they are exactly the same.
The two products match.
Q: Could you please tell me if the following two products are the same one?
Product 1:
Title: Fujifilm Instax Square Film for SQ10 Hybrid Cameras 20 Shot Pack
Description: EXTRA VALUE 2x 10 Shot Packs (giving you 20 shots in total). FRESH UK STOCKS AND LONG DATED. Fujifilm Instax \""SQUARE\"" film is for use in only square format instant print cameras such as the new SQ10, SQ6 cameras...Note: Not for use in Fuji Instax \
Product 2:
Title: Fujifilm Instax Square Film Twin Pack 20 Shots
Description: The Fujifilm Instax Film Square Twin Pack 20 Shots is designed for the Fujifilm Instax Square SQ6 instant camera. The film boasts the same professional high quality found in all Instax
A: Let's think step by step!","First, we can compare the titles and descriptions of the two products. The first product is a Fujifilm Instax Square film pack with 20 shots, designed for use in the SQ10 and SQ6 cameras. The second product is also a Fujifilm Instax Square film pack with 20 shots, but specifically designed for use in the SQ6 camera. \nBased on this information, we can conclude that the two products are very similar, but not exactly the same. The first product is a twin pack of 10-shot packs, while the second product is a single twin pack. Additionally, the first product is designed for use in both the SQ10 and SQ6 cameras, while the second product is specifically designed for the SQ6 camera. \nOverall, while the two products are similar, they are not exactly the same. \nThe two products do not match.",No match.,False,False,NONE,,,
150,136e98ba-ac14-42f4-8345-103a04fd95e3,gpt-3.5-turbo-0301,2023-10-20T12:12:02.903Z,2023-10-20T12:12:14.968Z,"Q: Are the following two products the same?
Product 1: 
Title: Daniel Wellington DW00100007 Classic Sheffield Rose 40mm White
Description: Case Diameter - 40mmCase thickness - 6mmDial colour - WhiteMovement - Japanese QuartzMaterial - Rose Gold Plated Stainless Steel (316L)Strap width - 20mmAdjustable length - (Min - Max) 165-215mmStrap - Leather StrapStrap colour - BlackInterchangeable
Product 2: 
Title: 0000010490| Samyang 24mm F1.4 Nikon AE Full Frame Lens
Description: 0000010490| Samyang 24mm F1.4 Nikon AE Full Frame Lens
A: Let's think step by step! First, we need to compare the titles and descriptions of the two products. The first product is a Daniel Wellington watch with a white dial and a black leather strap, while the second product is a Samyang camera lens with a 24mm focal length and a maximum aperture of f/1.4. 
Based on this information, we can conclude that the two products are not the same. They are completely different items from different categories.
The two products do not match.
Q: Are the following two products the same?
Product 1: 
Title: Omega Seamaster Diver 300MTitanium and 18k Rose Gold Mens watch 210.60.42.20.99.001
Description: nan
Product 2: 
Title: Diver 300M 42mm TITANIUM TANTALUM SEDNA GOLD ON TITANIUM TANTALUM SEDNA GOLD 210.60.42.20.99.001
Description: nan
A: Let's think step by step! First, we can see that both products have the same model number: 210.60.42.20.99.001. This suggests that they are likely the same product. 
Looking at the titles, we can see that they both mention the Omega Seamaster Diver 300M, and both mention the use of titanium and gold in the watch. However, the second product also mentions the use of tantalum and Sedna gold, which are not mentioned in the first product. 
Overall, it seems likely that these two products are very similar, but there may be some slight differences in the materials used. Without more information, it's difficult to say for sure whether they are exactly the same.
The two products match.
Q: Could you please tell me if the following two products are the same one?
Product 1:
Title: SanDisk Extreme PRO 300MBs UHSII Class 10 U3 SDHC Card 32GB
Description: SanDisk Extreme PRO 300MBs UHS-II Class 10 U3 SDHC Card - 32GB has speeds of up to 300 MB/s, and write speeds of up to 260 MB/s
Product 2:
Title: WD Blue 3D - 2048 GB - M.2 - 560 MB/s - 6 Gbit/s WDS200T2B0B
Description: WD Blue 3D - 2048 GB - M.2 - 560 MB/s - 6 Gbit/s TB - M.2 - SATA 6Gb/s - 560/530 MB/s Western Digital Blue 3D. SSD capacity: 2048 GB, SSD form factor: M.2, Read speed: 560 MB/s, Write speed: 530 MB/s, Data transfer rate: 6 Gbit/s, Component for: PC/n
A: Let's think step by step!","First, we can compare the titles and descriptions of the two products. The first product is a SanDisk SDHC card with a capacity of 32GB and read/write speeds of up to 300MB/s and 260MB/s, respectively. The second product is a Western Digital Blue 3D SSD with a capacity of 2048GB and read/write speeds of 560MB/s and 530MB/s, respectively. \nBased on this information, we can conclude that the two products are not the same. They are both storage devices, but they have different capacities, form factors, and transfer rates. Additionally, one is an SDHC card while the other is an SSD. \nThe two products do not match.",no match,False,False,NONE,,,
165,136e98ba-ac14-42f4-8345-103a04fd95e3,gpt-3.5-turbo-0301,2023-10-20T12:09:31.362Z,2023-10-20T12:09:38.537Z,"Q: Are the following two products the same?
Product 1: 
Title: Daniel Wellington DW00100007 Classic Sheffield Rose 40mm White
Description: Case Diameter - 40mmCase thickness - 6mmDial colour - WhiteMovement - Japanese QuartzMaterial - Rose Gold Plated Stainless Steel (316L)Strap width - 20mmAdjustable length - (Min - Max) 165-215mmStrap - Leather StrapStrap colour - BlackInterchangeable
Product 2: 
Title: 0000010490| Samyang 24mm F1.4 Nikon AE Full Frame Lens
Description: 0000010490| Samyang 24mm F1.4 Nikon AE Full Frame Lens
A: Let's think step by step! First, we need to compare the titles and descriptions of the two products. The first product is a Daniel Wellington watch with a white dial and a black leather strap, while the second product is a Samyang camera lens with a 24mm focal length and a maximum aperture of f/1.4. 
Based on this information, we can conclude that the two products are not the same. They are completely different items from different categories.
The two products do not match.
Q: Are the following two products the same?
Product 1: 
Title: Omega Seamaster Diver 300MTitanium and 18k Rose Gold Mens watch 210.60.42.20.99.001
Description: nan
Product 2: 
Title: Diver 300M 42mm TITANIUM TANTALUM SEDNA GOLD ON TITANIUM TANTALUM SEDNA GOLD 210.60.42.20.99.001
Description: nan
A: Let's think step by step! First, we can see that both products have the same model number: 210.60.42.20.99.001. This suggests that they are likely the same product. 
Looking at the titles, we can see that they both mention the Omega Seamaster Diver 300M, and both mention the use of titanium and gold in the watch. However, the second product also mentions the use of tantalum and Sedna gold, which are not mentioned in the first product. 
Overall, it seems likely that these two products are very similar, but there may be some slight differences in the materials used. Without more information, it's difficult to say for sure whether they are exactly the same.
The two products match.
Q: Could you please tell me if the following two products are the same one?
Product 1:
Title: Fujifilm FUJINON XF56mm F1.2 R APD
Description: none
Product 2:
Title: Fujifilm Instax Square Film for SQ10 Hybrid Cameras 20 Shot Pack
Description: EXTRA VALUE 2x 10 Shot Packs (giving you 20 shots in total). FRESH UK STOCKS AND LONG DATED. Fujifilm Instax \""SQUARE\"" film is for use in only square format instant print cameras such as the new SQ10, SQ6 cameras...Note: Not for use in Fuji Instax \
A: Let's think step by step!","First, we can compare the titles and descriptions of the two products. The first product is a Fujifilm lens with a 56mm focal length and a maximum aperture of f/1.2, while the second product is a pack of Fujifilm Instax Square film for use in instant print cameras. \nBased on this information, we can conclude that the two products are not the same. They are completely different items from different categories.\nThe two products do not match.",no match,False,False,NONE,,,
166,136e98ba-ac14-42f4-8345-103a04fd95e3,gpt-3.5-turbo-0301,2023-10-20T12:09:17.744Z,2023-10-20T12:09:29.907Z,"Q: Are the following two products the same?
Product 1: 
Title: Daniel Wellington DW00100007 Classic Sheffield Rose 40mm White
Description: Case Diameter - 40mmCase thickness - 6mmDial colour - WhiteMovement - Japanese QuartzMaterial - Rose Gold Plated Stainless Steel (316L)Strap width - 20mmAdjustable length - (Min - Max) 165-215mmStrap - Leather StrapStrap colour - BlackInterchangeable
Product 2: 
Title: 0000010490| Samyang 24mm F1.4 Nikon AE Full Frame Lens
Description: 0000010490| Samyang 24mm F1.4 Nikon AE Full Frame Lens
A: Let's think step by step! First, we need to compare the titles and descriptions of the two products. The first product is a Daniel Wellington watch with a white dial and a black leather strap, while the second product is a Samyang camera lens with a 24mm focal length and a maximum aperture of f/1.4. 
Based on this information, we can conclude that the two products are not the same. They are completely different items from different categories.
The two products do not match.
Q: Are the following two products the same?
Product 1: 
Title: Omega Seamaster Diver 300MTitanium and 18k Rose Gold Mens watch 210.60.42.20.99.001
Description: nan
Product 2: 
Title: Diver 300M 42mm TITANIUM TANTALUM SEDNA GOLD ON TITANIUM TANTALUM SEDNA GOLD 210.60.42.20.99.001
Description: nan
A: Let's think step by step! First, we can see that both products have the same model number: 210.60.42.20.99.001. This suggests that they are likely the same product. 
Looking at the titles, we can see that they both mention the Omega Seamaster Diver 300M, and both mention the use of titanium and gold in the watch. However, the second product also mentions the use of tantalum and Sedna gold, which are not mentioned in the first product. 
Overall, it seems likely that these two products are very similar, but there may be some slight differences in the materials used. Without more information, it's difficult to say for sure whether they are exactly the same.
The two products match.
Q: Could you please tell me if the following two products are the same one?
Product 1:
Title: Maxxis Minion DHR II 29\"" DD/3C/TR
Description: Minion DHR II 29 x 2.35 tubeless ready tyre with Double down casing and 3C Maxx Terra.For our full range of Bike Accessories visit Evans Cycles
Product 2:
Title: Maxxis Minion DHR II 29"" x 2.4"" 60TPI Tire - 3C MG DH
Description: With side knobs borrowed from the legendary Minion DHF but widened to provide more support the DHR II corners like no other. The center tread features ramped leading edges to improve acceleration and sipes to create a smooth transition when leaning t
A: Let's think step by step!","First, we can compare the titles and descriptions of the two products. The first product is a Maxxis Minion DHR II 29\ tyre with Double Down casing and 3C Maxx Terra, while the second product is also a Maxxis Minion DHR II 29\ tyre but with a 2.4\ width and 60TPI, and features side knobs borrowed from the Minion DHF and ramped leading edges on the center tread. \nBased on this information, we can see that the two products are similar but not exactly the same. They have different specifications and features, such as the width, TPI, and tread design. \nTherefore, we can conclude that the two products are not the same, but they are both Maxxis Minion DHR II 29\ tyres.",Match.,True,False,FP,,,
180,136e98ba-ac14-42f4-8345-103a04fd95e3,gpt-3.5-turbo-0301,2023-10-20T12:06:46.720Z,2023-10-20T12:06:53.579Z,"Q: Are the following two products the same?
Product 1: 
Title: Daniel Wellington DW00100007 Classic Sheffield Rose 40mm White
Description: Case Diameter - 40mmCase thickness - 6mmDial colour - WhiteMovement - Japanese QuartzMaterial - Rose Gold Plated Stainless Steel (316L)Strap width - 20mmAdjustable length - (Min - Max) 165-215mmStrap - Leather StrapStrap colour - BlackInterchangeable
Product 2: 
Title: 0000010490| Samyang 24mm F1.4 Nikon AE Full Frame Lens
Description: 0000010490| Samyang 24mm F1.4 Nikon AE Full Frame Lens
A: Let's think step by step! First, we need to compare the titles and descriptions of the two products. The first product is a Daniel Wellington watch with a white dial and a black leather strap, while the second product is a Samyang camera lens with a 24mm focal length and a maximum aperture of f/1.4. 
Based on this information, we can conclude that the two products are not the same. They are completely different items from different categories.
The two products do not match.
Q: Are the following two products the same?
Product 1: 
Title: Omega Seamaster Diver 300MTitanium and 18k Rose Gold Mens watch 210.60.42.20.99.001
Description: nan
Product 2: 
Title: Diver 300M 42mm TITANIUM TANTALUM SEDNA GOLD ON TITANIUM TANTALUM SEDNA GOLD 210.60.42.20.99.001
Description: nan
A: Let's think step by step! First, we can see that both products have the same model number: 210.60.42.20.99.001. This suggests that they are likely the same product. 
Looking at the titles, we can see that they both mention the Omega Seamaster Diver 300M, and both mention the use of titanium and gold in the watch. However, the second product also mentions the use of tantalum and Sedna gold, which are not mentioned in the first product. 
Overall, it seems likely that these two products are very similar, but there may be some slight differences in the materials used. Without more information, it's difficult to say for sure whether they are exactly the same.
The two products match.
Q: Could you please tell me if the following two products are the same one?
Product 1:
Title: Instax Mini Rainbow Film 10 Pack
Description: Brighten the place up with this pack of rainbow coloured film! Top tip: one of these would look fab in our Instax Mini Acrylic Photo Block!Includes pack of 10 shots
Product 2:
Title: MAIN ASUS ROG STRIX Z390-I GAMING
Description: LGA1151 socket for 9th/ 8th Gen Intel® Core™ desktop processorsAura Sync RGB: Synchronize LED lighting with a vast portfolio of compatible PC gear, including addressable RGB stripsComprehensive cooling: Integrated I/O shield and VRM heatsink, Double 
A: Let's think step by step!","First, we can compare the titles and descriptions of the two products. The first product is a pack of rainbow-colored film for an Instax Mini camera, while the second product is a motherboard for a desktop computer. \nBased on this information, we can conclude that the two products are not the same. They are completely different items from different categories.\nThe two products do not match.",no match,False,False,NONE,,,
187,136e98ba-ac14-42f4-8345-103a04fd95e3,gpt-3.5-turbo-0301,2023-10-20T12:05:22.522Z,2023-10-20T12:05:33.732Z,"Q: Are the following two products the same?
Product 1: 
Title: Daniel Wellington DW00100007 Classic Sheffield Rose 40mm White
Description: Case Diameter - 40mmCase thickness - 6mmDial colour - WhiteMovement - Japanese QuartzMaterial - Rose Gold Plated Stainless Steel (316L)Strap width - 20mmAdjustable length - (Min - Max) 165-215mmStrap - Leather StrapStrap colour - BlackInterchangeable
Product 2: 
Title: 0000010490| Samyang 24mm F1.4 Nikon AE Full Frame Lens
Description: 0000010490| Samyang 24mm F1.4 Nikon AE Full Frame Lens
A: Let's think step by step! First, we need to compare the titles and descriptions of the two products. The first product is a Daniel Wellington watch with a white dial and a black leather strap, while the second product is a Samyang camera lens with a 24mm focal length and a maximum aperture of f/1.4. 
Based on this information, we can conclude that the two products are not the same. They are completely different items from different categories.
The two products do not match.
Q: Are the following two products the same?
Product 1: 
Title: Omega Seamaster Diver 300MTitanium and 18k Rose Gold Mens watch 210.60.42.20.99.001
Description: nan
Product 2: 
Title: Diver 300M 42mm TITANIUM TANTALUM SEDNA GOLD ON TITANIUM TANTALUM SEDNA GOLD 210.60.42.20.99.001
Description: nan
A: Let's think step by step! First, we can see that both products have the same model number: 210.60.42.20.99.001. This suggests that they are likely the same product. 
Looking at the titles, we can see that they both mention the Omega Seamaster Diver 300M, and both mention the use of titanium and gold in the watch. However, the second product also mentions the use of tantalum and Sedna gold, which are not mentioned in the first product. 
Overall, it seems likely that these two products are very similar, but there may be some slight differences in the materials used. Without more information, it's difficult to say for sure whether they are exactly the same.
The two products match.
Q: Could you please tell me if the following two products are the same one?
Product 1:
Title: Traveler's Company Traveler's Company Notebook Accessories
Description: none
Product 2:
Title: Traveler's Refills: MD Paper - 002 / grid
Description: These notebooks aremade in Japan, where there is a rich tradition of elevating basic craft to perfected art form. MD Paper is no exception,meticulously engineered for the finest writing experience. There is no detail overlooked: the paper is made fro
A: Let's think step by step!","First, we can compare the titles and descriptions of the two products. The first product has a vague title and no description, while the second product is specifically labeled as \Traveler's Refills\ and has a description mentioning \MD Paper\ made in Japan. \nBased on this information, it seems likely that the two products are related, but not necessarily the same. The first product may be a collection of accessories for the Traveler's Company notebook, while the second product is a refill for the notebook itself. \nWithout more information, it's difficult to say for sure whether the two products are exactly the same or not.\nThe two products may or may not match.",no match,False,False,NONE,,,
210,136e98ba-ac14-42f4-8345-103a04fd95e3,gpt-3.5-turbo-0301,2023-10-20T12:00:45.751Z,2023-10-20T12:00:53.900Z,"Q: Are the following two products the same?
Product 1: 
Title: Daniel Wellington DW00100007 Classic Sheffield Rose 40mm White
Description: Case Diameter - 40mmCase thickness - 6mmDial colour - WhiteMovement - Japanese QuartzMaterial - Rose Gold Plated Stainless Steel (316L)Strap width - 20mmAdjustable length - (Min - Max) 165-215mmStrap - Leather StrapStrap colour - BlackInterchangeable
Product 2: 
Title: 0000010490| Samyang 24mm F1.4 Nikon AE Full Frame Lens
Description: 0000010490| Samyang 24mm F1.4 Nikon AE Full Frame Lens
A: Let's think step by step! First, we need to compare the titles and descriptions of the two products. The first product is a Daniel Wellington watch with a white dial and a black leather strap, while the second product is a Samyang camera lens with a 24mm focal length and a maximum aperture of f/1.4. 
Based on this information, we can conclude that the two products are not the same. They are completely different items from different categories.
The two products do not match.
Q: Are the following two products the same?
Product 1: 
Title: Omega Seamaster Diver 300MTitanium and 18k Rose Gold Mens watch 210.60.42.20.99.001
Description: nan
Product 2: 
Title: Diver 300M 42mm TITANIUM TANTALUM SEDNA GOLD ON TITANIUM TANTALUM SEDNA GOLD 210.60.42.20.99.001
Description: nan
A: Let's think step by step! First, we can see that both products have the same model number: 210.60.42.20.99.001. This suggests that they are likely the same product. 
Looking at the titles, we can see that they both mention the Omega Seamaster Diver 300M, and both mention the use of titanium and gold in the watch. However, the second product also mentions the use of tantalum and Sedna gold, which are not mentioned in the first product. 
Overall, it seems likely that these two products are very similar, but there may be some slight differences in the materials used. Without more information, it's difficult to say for sure whether they are exactly the same.
The two products match.
Q: Could you please tell me if the following two products are the same one?
Product 1:
Title: Tp-Link Wireless N USB Adapter 300Mbps
Description: none
Product 2:
Title: Kingston Canvas Select Plus MicroSD 100MBs Class 10 128GB
Description: The Kingston Canvas Select Plus MicroSDXC Class 10 128GB with SD Adapter included has a Read Speed of 100MB/s and is compatible with Android devices
A: Let's think step by step!","First, we can compare the titles and descriptions of the two products. The first product is a TP-Link wireless USB adapter with a speed of 300Mbps, while the second product is a Kingston microSD card with a capacity of 128GB and a read speed of 100MB/s. \nBased on this information, we can conclude that the two products are not the same. They are completely different items from different categories.\nThe two products do not match.",no match,False,False,NONE,,,
