Unnamed: 0,traceId,model,startTime,endTime,prompt,completion,eval,predicted_label,label,error,similarity,confidence
0,6eb5b386-ec6a-47c5-885a-0503f80bf6e4,gpt-3.5-turbo-0301,2023-11-03T16:57:21.132Z,2023-11-03T16:57:35.726Z,"Are the following two products the same?
Product 1: Title: Traveler's Lined Notebook Refill - Regular Size
Description: Think about the days you went to school. Based on people’s past experience as a student, we receive comments saying that this is the most easy type of notebook to use. The lines are printed with an interval of 6.5mm, and the paper is our originally m
Product 2: Title: Traveler's Company Traveler's Company Notebook Accessories
Description: none

Lets think step by step!","1. Both products are related to Traveler's Company notebooks.\n2. Product 1 is specifically a refill for a regular size lined notebook.\n3. Product 1 has a description that mentions the interval of the lines and the type of paper used.\n4. Product 2 has no description provided.\n5. Without more information, it is unclear if Product 2 is the same as Product 1 or if it is a different accessory for Traveler's Company notebooks.",No match.,False,True,FN,50%,40%
4,6eb5b386-ec6a-47c5-885a-0503f80bf6e4,gpt-3.5-turbo-0301,2023-11-03T16:55:47.096Z,2023-11-03T16:56:03.552Z,"Are the following two products the same?
Product 1: Title: TAG Heuer Formula 1 CAZ1010.FT8024
Description: Find Authentic TAG Heuer Formula 1 CAZ1010.FT8024 with TAG Heuer Warranty at lowest prices. Fast & FREE Shipping. 14-day Return Policy. Tax Free & Worldwide Delivery. Lowest Prices on all watches and brands. (Model CAZ1010.FT8024)
Product 2: Title: TAG Heuer Formula 1 Chronograph 43mm CAZ1010.FT8024
Description: none

Lets think step by step!","1. Both products have the same model number: CAZ1010.FT8024.\n2. Product 1 mentions the model number in the description, while Product 2 includes it in the title.\n3. Product 2 includes the term \Chronograph\ in the title, which is not mentioned in Product 1.\n4. Product 1 mentions the brand warranty, shipping, return policy, and tax-free delivery, while Product 2 has no description.\n5. Based on the available information, it is likely that both products are the same, but Product 2 lacks important details that Product 1 provides.",Match.,True,True,NONE,90%,80%
6,6eb5b386-ec6a-47c5-885a-0503f80bf6e4,gpt-3.5-turbo-0301,2023-11-03T16:54:59.161Z,2023-11-03T16:55:21.289Z,"Are the following two products the same?
Product 1: Title: Adattatore USB Wireless TP-Link TL-WN725N 150Mbps 2.4GHz
Description: none
Product 2: Title: ADATTATORE USB2.0 WIRELESS N 150M LAN 802.11BGN 1T1R 2.4GHZ-NANO SIZE-PROVIDE USB2.0 INTERF.-WPS-SUPP. XP/VISTA/7
Description: none

Lets think step by step!","1. Both products are USB wireless adapters.\n2. Both products have a wireless speed of 150Mbps and operate on the 2.4GHz frequency.\n3. Both products are made by TP-Link.\n4. Product 2 has additional features such as support for 802.11bgn, WPS, and compatibility with XP/Vista/7.\n5. Product 2 is described as \nano size\ while there is no size description for Product 1.\n\nBased on these observations, it is likely that the two products are similar but not exactly the same. Product 2 has additional features and a more detailed description, suggesting that it may be a newer or upgraded version of Product 1. However, without more information it is impossible to say for certain whether the two products are identical or not.",No match.,False,True,FN,85%,80%
7,6eb5b386-ec6a-47c5-885a-0503f80bf6e4,gpt-3.5-turbo-0301,2023-11-03T16:54:32.941Z,2023-11-03T16:54:57.108Z,"Are the following two products the same?
Product 1: Title: 5 Port, Hikvision PoE Network Switch
Description: Switch with 4 PoE ports + 1 x Uplink port 10/100Mbps RJ45 ports 58 watts total Max Extend On, up to 250m distance 2 Years Manufacturers Warranty
Product 2: Title: Hikvision 4 Port Unmanaged PoE Switch,1*100M Uplink [DS-3E0105P-E]
Description: Key FeaturesLayer 2 unmanaged PoE switch4x 10/100Mbps Ethernet ports1x 100Mbps uplinkIEEE 802.3af or 802.3at PoE standard802.3af or 802.3at

Lets think step by step!","At first glance, the two products seem similar as they both have PoE capabilities and multiple ports. However, upon closer inspection, there are some differences.\n\nProduct 1 has 5 ports, with 4 of them being PoE ports and 1 being an uplink port. It has a total power output of 58 watts and can extend up to 250m. It also comes with a 2-year manufacturer's warranty.\n\nProduct 2, on the other hand, has 4 ports, all of which are PoE ports. It has a 100Mbps uplink and supports both IEEE 802.3af and 802.3at PoE standards. It is also an unmanaged switch, meaning it does not have advanced features like VLANs or QoS.\n\nSo while both products have PoE capabilities and multiple ports, they have different specifications and features. Therefore, they are not the same product.",no match,False,True,FN,50%,70%
8,6eb5b386-ec6a-47c5-885a-0503f80bf6e4,gpt-3.5-turbo-0301,2023-11-03T16:54:03.570Z,2023-11-03T16:54:31.136Z,"Are the following two products the same?
Product 1: Title: Jabra Biz 2400 II Mono 3-1, NC, 82 mic, Wideband, QD
Description: none
Product 2: Title: Jabra BIZ 2400 II Mono 3-in-1 Wideband
Description: Jabra BIZ 2400 II Mono 3-in-1 Wideband from Headset Store. Next Day Delivery. Part Code:2486-820-209

Lets think step by step!","Step 1: Compare the titles\nThe titles are similar but not exactly the same. Product 1 includes \NC\ and \82 mic\ while Product 2 does not. However, both products include \Jabra BIZ 2400 II Mono 3-in-1 Wideband\ in their titles.\n\nStep 2: Compare the descriptions\nProduct 1 does not have a description listed, while Product 2 includes a brief description and mentions the retailer and part code.\n\nStep 3: Consider the differences\nProduct 1 includes \NC\ and \82 mic\ in its title, which may indicate that it has noise-cancelling and multiple microphones. Product 2 does not mention these features. Additionally, Product 2 includes a part code and mentions next day delivery, which may indicate that it is being sold by a specific retailer.\n\nConclusion: While the two products have similar titles, there are some differences in their descriptions and features. It is possible that they are different versions or variations of the same product, but without more information it is difficult to say for sure.",No match.,False,True,FN,60%,50%
11,6eb5b386-ec6a-47c5-885a-0503f80bf6e4,gpt-3.5-turbo-0301,2023-11-03T16:52:31.654Z,2023-11-03T16:52:48.926Z,"Are the following two products the same?
Product 1: Title: SanDisk Extreme PRO UHS-II SD Card Reader USB 3.0
Description: Maximize workflow efficiencyThe SanDisk Extreme PRO® SDTM UHS-II Card Reader/Writer is designed to increase workflow efficiency for professional photographers and videographers. Small enough for fieldwork, the compact reader is built to handle the hi
Product 2: Title: SanDisk Extreme PRO SD UHS-II USB 3.0
Description: none

Lets think step by step!","1. Both products are from SanDisk and have \Extreme PRO\ in their names.\n2. Both products have USB 3.0 connectivity.\n3. However, the first product has \Card Reader\ in its name and a description that emphasizes its use for professional photographers and videographers, while the second product does not have a description.\n4. Based on these differences, it is possible that the first product is a card reader specifically designed for SanDisk Extreme PRO SD cards, while the second product is a SanDisk Extreme PRO SD card with a built-in USB 3.0 connector. \n5. Therefore, the two products are not the same.",No match.,False,True,FN,50%,70%
13,6eb5b386-ec6a-47c5-885a-0503f80bf6e4,gpt-3.5-turbo-0301,2023-11-03T16:51:48.116Z,2023-11-03T16:52:05.703Z,"Are the following two products the same?
Product 1: Title: TP-Link Archer T9UH AC1900 High Gain Wireless Dual Band USB Network Adapter 1900Mbps (600Mpbs @ 2.4GHz & 1300Mbps @ 5GHz) USB3.0 Omni Directional Ant.
Description: TP-Link Archer T9UH AC1900 High Gain Wireless Dual Band USB Network Adapter 1900Mbps (600Mpbs @ 2...
Product 2: Title: TP-Link Archer-T9UH AC1900 USB 3.0 Adaptr
Description: ArabirimUSBVeri Hz1300 MbpsVeri Hz600 Mbpsalma Frekans2.4 GHzalma Frekans5 GHzGaranti Sresi24 Ay

Lets think step by step!","First, we can see that both products are from the same brand, TP-Link, and have a similar name, Archer T9UH AC1900. However, there are some differences in the titles and descriptions.\n\nProduct 1 has a more detailed title, including information about the network adapter's speed and directional antenna. The description also provides more specific details about the speed at different frequencies.\n\nProduct 2 has a shorter title and description, with less specific information about the product's features. The description is also in a different language, which may make it harder to compare directly.\n\nBased on these differences, it's possible that the two products are not exactly the same. However, without more information or a direct comparison, it's hard to say for sure.",No match.,False,True,FN,50%,70%
15,6eb5b386-ec6a-47c5-885a-0503f80bf6e4,gpt-3.5-turbo-0301,2023-11-03T16:51:07.124Z,2023-11-03T16:51:28.640Z,"Are the following two products the same?
Product 1: Title: 1 Fujifilm Instax Square Film Black Frame
Description: none
Product 2: Title: Instax Fujifilm | Instax SQUARE Instant Film - Black Border (10 Exposures)
Description: none

Lets think step by step!","1. Both products are from Fujifilm and are related to Instax Square Film.\n2. Product 1 has a specific title mentioning \1 Fujifilm Instax Square Film Black Frame\ while Product 2 has a more general title mentioning \Instax Fujifilm | Instax SQUARE Instant Film - Black Border (10 Exposures)\.\n3. Product 1 mentions \Black Frame\ while Product 2 mentions \Black Border\.\n4. Both products have no description provided, so we cannot compare them based on that.\n5. However, both products have different SKUs (Stock Keeping Units) which indicates that they are different products.\n\nBased on the above analysis, it seems that Product 1 and Product 2 are not the same, but they are related as they both belong to the Instax Square Film category.",No match.,False,True,FN,50%,80%
16,6eb5b386-ec6a-47c5-885a-0503f80bf6e4,gpt-3.5-turbo-0301,2023-11-03T16:50:10.173Z,2023-11-03T16:51:04.302Z,"Are the following two products the same?
Product 1: Title: Fujifilm Instax Square Film for SQ10 Hybrid Cameras 20 Shot Pack
Description: EXTRA VALUE 2x 10 Shot Packs (giving you 20 shots in total). FRESH UK STOCKS AND LONG DATED. Fujifilm Instax \""SQUARE\"" film is for use in only square format instant print cameras such as the new SQ10, SQ6 cameras...Note: Not for use in Fuji Instax \
Product 2: Title: Fujifilm Instax Square Instant Film - 10 Exposures
Description: INSTAX Square Instant Film contains 10 sheets of instant color film that is compatible for use with INSTAX SQUARE cameras. This film features vivid color reproduction with natural skin tones, and its refined grain structure provides high image sharpn

Lets think step by step!","Step 1: Compare the titles\nProduct 1: Fujifilm Instax Square Film for SQ10 Hybrid Cameras 20 Shot Pack\nProduct 2: Fujifilm Instax Square Instant Film - 10 Exposures\n\nThe titles are similar but not exactly the same. Product 1 specifies that it is for use with SQ10 Hybrid Cameras and comes in a 20 shot pack, while Product 2 only mentions that it contains 10 exposures and is compatible with INSTAX SQUARE cameras.\n\nStep 2: Compare the descriptions\nProduct 1: EXTRA VALUE 2x 10 Shot Packs (giving you 20 shots in total). FRESH UK STOCKS AND LONG DATED. Fujifilm Instax \SQUARE\ film is for use in only square format instant print cameras such as the new SQ10, SQ6 cameras...Note: Not for use in Fuji Instax \\\nProduct 2: INSTAX Square Instant Film contains 10 sheets of instant color film that is compatible for use with INSTAX SQUARE cameras. This film features vivid color reproduction with natural skin tones, and its refined grain structure provides high image sharpness and clarity.\n\nThe descriptions provide more information about the products. Product 1 mentions that it is an extra value pack with fresh UK stocks and long-dated film. It also specifies that it is only for use with square format instant print cameras such as the SQ10 and SQ6, and not for use with Fuji Instax. Product 2 describes the film as having vivid color reproduction with natural skin tones and a refined grain structure for high image sharpness and clarity. It also mentions that it is compatible with INSTAX SQUARE cameras.\n\nStep 3: Conclusion\nBased on the information provided, it seems that Product 1 and Product 2 are similar but not exactly the same. Both are Fujifilm Instax Square films, but Product 1 is specifically designed for use with SQ10 Hybrid Cameras and comes in a 20 shot pack, while Product 2 is compatible with INSTAX SQUARE cameras and comes in a 10 sheet pack. Additionally, Product 1 specifies that it is not for use with Fuji Instax cameras, while Product 2 does not mention this restriction.",No match.,False,True,FN,60%,80%
17,6eb5b386-ec6a-47c5-885a-0503f80bf6e4,gpt-3.5-turbo-0301,2023-11-03T16:49:26.557Z,2023-11-03T16:50:07.854Z,"Are the following two products the same?
Product 1: Title: TRAVELER'S COMPANY Notebook - Blue
Description: TRAVELER’S notebook Blue was released as a limited edition in 2015 and the blue color was well-received as a refreshing, new tone of TRAVELER’S notebook. Even after the conclusion of sale, so many requests were received for re-launch of blue during T
Product 2: Title: Traveler's Notebook Starter Kit (Passport Size) - Blue
Description: Travel with Traveler's Notebook, you can jot down your precious memories along your journey. Easy to hold in your hand, it's the perfect size to bring along for you to write thoughts and observations from your trips. You can carry maps, tickets, and 

Lets think step by step!","Step 1: Compare the titles\nProduct 1: TRAVELER'S COMPANY Notebook - Blue\nProduct 2: Traveler's Notebook Starter Kit (Passport Size) - Blue\n\nThe titles are different, but both mention a blue notebook.\n\nStep 2: Compare the descriptions\nProduct 1: TRAVELER’S notebook Blue was released as a limited edition in 2015 and the blue color was well-received as a refreshing, new tone of TRAVELER’S notebook. Even after the conclusion of sale, so many requests were received for re-launch of blue during T\nProduct 2: Travel with Traveler's Notebook, you can jot down your precious memories along your journey. Easy to hold in your hand, it's the perfect size to bring along for you to write thoughts and observations from your trips. You can carry maps, tickets, and \n\nThe descriptions are different, but both mention a blue notebook that is meant for travel and writing.\n\nStep 3: Analyze the details\nProduct 1 is specifically a TRAVELER'S COMPANY notebook in blue, which was a limited edition release in 2015. It seems to be a standalone product.\n\nProduct 2 is a Traveler's Notebook Starter Kit in passport size, which includes a blue notebook along with other items such as a pen holder and spare elastic bands. It is marketed as a travel companion for writing down memories and observations.\n\nConclusion: While both products mention a blue notebook for travel and writing, they are not the same product. Product 1 is a standalone notebook from TRAVELER'S COMPANY, while Product 2 is a starter kit that includes a blue notebook along with other items.",No match.,False,True,FN,50%,80%
18,6eb5b386-ec6a-47c5-885a-0503f80bf6e4,gpt-3.5-turbo-0301,2023-11-03T16:49:07.549Z,2023-11-03T16:49:22.952Z,"Are the following two products the same?
Product 1: Title: Adaptador WiFi N PCI Express 150 Mbps 20dBm, 802.11b/g/n Chipset Atheros, 1 Antena 2 dBi desmontable.
Description: Adaptador WiFi N PCI Express 150 Mbps 20dBm, 802.11b/g/n Chipset Atheros, 1 Antena 2 dBi desmontable.
Product 2: Title: TP-Link TL-WN781ND Netcard PCI-eX Wireless 150 mb
Description: none

Lets think step by step!","1. Both products are related to WiFi and PCI Express.\n2. Product 1 mentions a specific chipset (Atheros) and an antenna with 2 dBi, while Product 2 does not provide any such details.\n3. Both products have a similar data transfer rate of 150 Mbps.\n4. However, Product 1 mentions a power output of 20dBm, which is not mentioned in Product 2.\n5. Based on the available information, it is difficult to say whether the two products are exactly the same or not. However, Product 1 provides more specific details about its features and specifications.",No match.,False,True,FN,50%,70%
19,6eb5b386-ec6a-47c5-885a-0503f80bf6e4,gpt-3.5-turbo-0301,2023-11-03T16:48:45.737Z,2023-11-03T16:49:05.062Z,"Are the following two products the same?
Product 1: Title: [Fujifilm]100 Sheet Fujifilm Instax Square Plain White Instant Polaroid Film for SQ 10 Camera | SP3 Printer
Description: 100 sheet instax Square Film
Product 2: Title: Fujifilm Instax Square Film Twin Pack 20 Shots
Description: The Fujifilm Instax Film Square Twin Pack 20 Shots is designed for the Fujifilm Instax Square SQ6 instant camera. The film boasts the same professional high quality found in all Instax

Lets think step by step!","Step 1: Look at the titles\nProduct 1 mentions the Fujifilm Instax Square camera and SP3 printer, while Product 2 mentions the Fujifilm Instax Square SQ6 instant camera. So, they are not exactly the same.\n\nStep 2: Look at the descriptions\nProduct 1 mentions 100 sheets of plain white instant polaroid film, while Product 2 mentions a twin pack of 20 shots with professional high quality. So, they are not exactly the same.\n\nConclusion: The two products are not the same. They are both related to Fujifilm Instax Square cameras, but Product 1 offers more sheets of plain white film and can be used with both the camera and printer, while Product 2 offers a twin pack of 20 shots with professional high quality specifically designed for the SQ6 camera.",no match,False,True,FN,30%,80%
20,6eb5b386-ec6a-47c5-885a-0503f80bf6e4,gpt-3.5-turbo-0301,2023-11-03T16:48:16.692Z,2023-11-03T16:48:43.562Z,"Are the following two products the same?
Product 1: Title: Western Digital Blue PC 2.5\"" 250 GB Serial ATA III
Description: 250 GB, 2.5\"", SATA 6Gb/s, 540/500 MB/s
Product 2: Title: WD Blue 250GB - [WDS250G1B0A] SSD
Description: (Solid, -, 2.5\"", 250GB, Blue, Drive), SATA, SSD, State, WD, Western Digital, [WDS250G1B0A]

Lets think step by step!","Step 1: Both products have the same brand, Western Digital (WD).\n\nStep 2: Both products have the same storage capacity, 250GB.\n\nStep 3: Both products have the same color, Blue.\n\nStep 4: Both products have the same form factor, 2.5\.\n\nStep 5: Both products use the SATA interface.\n\nStep 6: Product 1 mentions a data transfer rate of 540/500 MB/s, while Product 2 does not mention any specific data transfer rate.\n\nStep 7: Product 2 mentions that it is an SSD (Solid State Drive), while Product 1 does not mention anything about being an SSD.\n\nBased on the above analysis, it can be concluded that the two products are similar but not exactly the same. Product 1 is a Western Digital Blue PC 2.5\ 250 GB Serial ATA III hard drive, while Product 2 is a WD Blue 250GB SSD. The main difference between the two is that Product 2 is an SSD, which means it is faster and more reliable than a traditional hard drive like Product 1.",No match.,False,True,FN,80%,90%
31,6eb5b386-ec6a-47c5-885a-0503f80bf6e4,gpt-3.5-turbo-0301,2023-11-03T16:43:04.849Z,2023-11-03T16:43:21.565Z,"Are the following two products the same?
Product 1: Title: SanDisk Extreme PRO UHS-II SD Card Reader USB 3.0
Description: Maximize workflow efficiencyThe SanDisk Extreme PRO® SDTM UHS-II Card Reader/Writer is designed to increase workflow efficiency for professional photographers and videographers. Small enough for fieldwork, the compact reader is built to handle the hi
Product 2: Title: Shimano BB-MT800 Threaded Bottom Bracket
Description: Genuine Shimano HollowTech II bottom bracket; enjoy maintenance free performance from this XT MT800 Bottom Bracket that has sealed cups to prevent water and mud ingress.Features:Set includes left and right hand cups, spacers, inner cover, and inner O

Lets think step by step!","Based on the titles and descriptions provided, it is clear that these two products are not the same. \n\nProduct 1 is a SanDisk SD card reader designed for professional photographers and videographers to increase workflow efficiency. It is compact and built to handle high-speed UHS-II transfer rates. \n\nProduct 2 is a Shimano bottom bracket designed for bikes. It is a HollowTech II bottom bracket that provides maintenance-free performance and has sealed cups to prevent water and mud ingress. It comes with left and right hand cups, spacers, inner cover, and inner O-rings. \n\nTherefore, these two products are completely different and not related to each other.",no match,False,False,NONE,0%,100%
33,6eb5b386-ec6a-47c5-885a-0503f80bf6e4,gpt-3.5-turbo-0301,2023-11-03T16:42:17.375Z,2023-11-03T16:42:43.246Z,"Are the following two products the same?
Product 1: Title: SanDisk Extreme PRO UHS-II SD Card Reader USB 3.0
Description: Maximize workflow efficiencyThe SanDisk Extreme PRO® SDTM UHS-II Card Reader/Writer is designed to increase workflow efficiency for professional photographers and videographers. Small enough for fieldwork, the compact reader is built to handle the hi
Product 2: Title: SanDisk Extreme PRO SDHC 32GB 300MB UHS-II SDSDXPK-032G-GN4IN
Description: SanDisk Extreme PRO SDHC 32GB 300MB UHS-II SDSDXPK-032G-GN4IN

Lets think step by step!","At first glance, the two products seem to be different. Product 1 is a card reader/writer, while Product 2 is a memory card. However, upon closer inspection, it appears that both products are part of the SanDisk Extreme PRO UHS-II line. \n\nProduct 1 is a card reader/writer that is designed to work specifically with SanDisk Extreme PRO UHS-II SD cards. It has a USB 3.0 interface and is designed to increase workflow efficiency for professional photographers and videographers. \n\nProduct 2 is a 32GB SanDisk Extreme PRO UHS-II SD card. It has a read speed of up to 300MB/s and is designed for use in high-performance cameras and camcorders. \n\nSo while the two products are not exactly the same, they are both part of the same product line and are designed to work together to provide high-performance storage and workflow solutions for professional photographers and videographers.",Match.,True,False,FP,80%,90%
34,6eb5b386-ec6a-47c5-885a-0503f80bf6e4,gpt-3.5-turbo-0301,2023-11-03T16:41:36.253Z,2023-11-03T16:42:13.937Z,"Are the following two products the same?
Product 1: Title: 002 TN Regular Refill Grid Notebook Basic Item TRC
Description: Traveler's company
Product 2: Title: 012 Traveler's Notebook Regular- Refill - Sketch Notebook
Description: TheTRAVELER'S Notebook SketchRefillallows you to bring your sketching wherever you go. Each sketchbook refill has 48 stitch-bound pages of perforated paper, with a more substantial thickness that is suitable for fountain pen ink or light water media.

Lets think step by step!","Step 1: Compare the titles\nProduct 1: 002 TN Regular Refill Grid Notebook Basic Item TRC\nProduct 2: 012 Traveler's Notebook Regular- Refill - Sketch Notebook\n\nThe titles are different, but both mention \refill\ and \Traveler's Notebook.\\n\nStep 2: Compare the descriptions\nProduct 1: Traveler's company\nProduct 2: TheTRAVELER'S Notebook SketchRefillallows you to bring your sketching wherever you go. Each sketchbook refill has 48 stitch-bound pages of perforated paper, with a more substantial thickness that is suitable for fountain pen ink or light water media.\n\nThe descriptions are different, but both mention \Traveler's Notebook\ and \refill.\ Product 1 does not provide any details about the type of notebook or its intended use, while Product 2 specifically mentions that it is a sketchbook refill with thicker paper suitable for fountain pen ink or light water media.\n\nStep 3: Conclusion\nBased on the information provided, it is unclear whether the two products are the same. They both appear to be refills for Traveler's Notebook, but Product 1 does not provide any details about the type of notebook or its intended use, while Product 2 is specifically a sketchbook refill with thicker paper suitable for fountain pen ink or light water media. Therefore, it is possible that they are different products.",No match.,False,False,NONE,50%,70%
39,6eb5b386-ec6a-47c5-885a-0503f80bf6e4,gpt-3.5-turbo-0301,2023-11-03T16:40:02.958Z,2023-11-03T16:40:24.818Z,"Are the following two products the same?
Product 1: Title: SAMSUNG 65\"" 4K UHD Smart QLED TV (QN65Q70T)
Description: Quantum Processor 4KDual LEDAdaptive PictureActive Voice Amplifier
Product 2: Title: Maxxis Minion DHR II 29\"" DD/3C/TR
Description: Minion DHR II 29 x 2.35 tubeless ready tyre with Double down casing and 3C Maxx Terra.For our full range of Bike Accessories visit Evans Cycles

Lets think step by step!",Step 1: Compare the titles\nProduct 1: SAMSUNG 65\ 4K UHD Smart QLED TV (QN65Q70T)\nProduct 2: Maxxis Minion DHR II 29\ DD/3C/TR\n\nThe titles are completely different and do not refer to the same type of product.\n\nStep 2: Compare the descriptions\nProduct 1: Quantum Processor 4KDual LEDAdaptive PictureActive Voice Amplifier\nProduct 2: Minion DHR II 29 x 2.35 tubeless ready tyre with Double down casing and 3C Maxx Terra.For our full range of Bike Accessories visit Evans Cycles\n\nThe descriptions are also completely different and do not refer to the same type of product.\n\nConclusion: The two products are not the same.,no match,False,False,NONE,0%,100%
51,6eb5b386-ec6a-47c5-885a-0503f80bf6e4,gpt-3.5-turbo-0301,2023-11-03T16:35:01.371Z,2023-11-03T16:35:25.407Z,"Are the following two products the same?
Product 1: Title: Fujifilm Instax Square Instant Film - 10 Exposures
Description: INSTAX Square Instant Film contains 10 sheets of instant color film that is compatible for use with INSTAX SQUARE cameras. This film features vivid color reproduction with natural skin tones, and its refined grain structure provides high image sharpn
Product 2: Title: Instax Fujifilm | Instax SQUARE Instant Film - Black Border (10 Exposures)
Description: none

Lets think step by step!","1. Both products are instant film for use with INSTAX SQUARE cameras.\n2. Product 1 is called \Fujifilm Instax Square Instant Film - 10 Exposures\ while Product 2 is called \Instax Fujifilm | Instax SQUARE Instant Film - Black Border (10 Exposures)\.\n3. Product 1 mentions \vivid color reproduction with natural skin tones\ and \refined grain structure provides high image sharpness\ in its description, while Product 2 has no description provided.\n4. Product 1 does not mention a black border, while Product 2 specifically mentions a black border.\n5. Based on the information provided, it is unclear if the two products are exactly the same or if there are any differences in the film itself.",Match.,True,False,FP,50%,70%
58,6eb5b386-ec6a-47c5-885a-0503f80bf6e4,gpt-3.5-turbo-0301,2023-11-03T16:31:39.652Z,2023-11-03T16:32:00.405Z,"Are the following two products the same?
Product 1: Title: WD Blue 3D - 2048 GB - M.2 - 560 MB/s - 6 Gbit/s WDS200T2B0B
Description: WD Blue 3D - 2048 GB - M.2 - 560 MB/s - 6 Gbit/s TB - M.2 - SATA 6Gb/s - 560/530 MB/s Western Digital Blue 3D. SSD capacity: 2048 GB, SSD form factor: M.2, Read speed: 560 MB/s, Write speed: 530 MB/s, Data transfer rate: 6 Gbit/s, Component for: PC/n
Product 2: Title: SanDisk ""Plus"" SSD Hard Drive, 120GB, SATA 3 (6Gbit, s)
Description: RELIABLE, FAST AND PLENTY OF CAPACITYSanDisk, a pioneer in solid state storage technologies and the brand pros trust, delivers improved speed and performance with the SanDisk SSD Plus. With sequential read speeds of up to 535MB/s, this solid state dr

Lets think step by step!","No, the two products are not the same. \n\nProduct 1 is a WD Blue 3D SSD with a capacity of 2048 GB, in the M.2 form factor, with a read speed of 560 MB/s, write speed of 530 MB/s, and a data transfer rate of 6 Gbit/s. It is designed for use in a PC. \n\nProduct 2 is a SanDisk SSD Plus with a capacity of 120GB, in the SATA 3 form factor with sequential read speeds of up to 535MB/s. It is also designed for use in a PC. \n\nThe two products have different capacities, form factors, read and write speeds, and data transfer rates.",No match.,False,False,NONE,10%,90%
59,6eb5b386-ec6a-47c5-885a-0503f80bf6e4,gpt-3.5-turbo-0301,2023-11-03T16:31:24.914Z,2023-11-03T16:31:37.419Z,"Are the following two products the same?
Product 1: Title: Traveler's Company Traveler's Company Notebook Accessories
Description: none
Product 2: Title: Traveler's Company 014. CRAFT PAPER (64PG) MIDORI TRAVELER'S NOTEBOOK
Description: none

Lets think step by step!","1. Both products are from the same brand, Traveler's Company.\n2. Product 1 is a general category of notebook accessories, while Product 2 is a specific type of notebook refill.\n3. Therefore, the two products are not exactly the same, but they are related as Product 2 could be considered a type of accessory for the Traveler's Company notebook.",Match.,True,False,FP,75%,80%
62,6eb5b386-ec6a-47c5-885a-0503f80bf6e4,gpt-3.5-turbo-0301,2023-11-03T16:29:50.381Z,2023-11-03T16:30:09.395Z,"Are the following two products the same?
Product 1: Title: Tp-Link Wireless N USB Adapter 300Mbps
Description: none
Product 2: Title: TP-Link EAP110 300Mbps Wireless N300 Ceiling Mount Access Point 1x1Gbps RJ45 PoE 1x Console Port 2x4dBi Omni Internal Antenna
Description: 300Mbps Wireless N Ceiling Mount Access Point EAP110EAP Controller Software enables administrators to easily manage hundreds of EAPsSupports passive PoE for convenient installation up to 100metersCeiling mounting design with chassis make it easy to d

Lets think step by step!","Step 1: Compare the titles\nThe titles of the two products are different. Product 1 is a wireless USB adapter, while Product 2 is a wireless access point.\n\nStep 2: Compare the descriptions\nProduct 1 has no description provided, while Product 2 has a detailed description that includes features such as EAP controller software, passive PoE support, and a ceiling mount design.\n\nStep 3: Conclusion\nBased on the differences in the titles and descriptions, it is safe to say that the two products are not the same. Product 1 is a wireless USB adapter, while Product 2 is a wireless access point with additional features.",no match,False,False,NONE,0%,100%
88,6eb5b386-ec6a-47c5-885a-0503f80bf6e4,gpt-3.5-turbo-0301,2023-11-03T15:52:48.192Z,2023-11-03T15:53:06.688Z,"Are the following two products the same?
Product 1: Title: WD Blue 3D NAND 250GB Internal SSD - SATA III 6Gb/s M.2 2280 Solid State Drive - WDS250G2B0B
Description: WD Blue 3D NAND 250GB Internal SSD - SATA III 6Gb/s M.2 2280 Solid State Drive - WDS250G2B0B
Product 2: Title: Gigabyte SSD 240GB 2.5\"" Serial ATA III
Description: none

Lets think step by step!","Step 1: Compare the titles\nThe titles of the two products are different. Product 1 is a WD Blue 3D NAND 250GB Internal SSD with M.2 2280 form factor, while Product 2 is a Gigabyte SSD 240GB with a 2.5\ form factor.\n\nStep 2: Compare the descriptions\nProduct 1 has a detailed description that matches its title, while Product 2 has no description provided.\n\nStep 3: Conclusion\nBased on the information provided, it can be concluded that the two products are not the same. They have different titles, descriptions, and form factors.",no match,False,False,NONE,0%,100%
89,6eb5b386-ec6a-47c5-885a-0503f80bf6e4,gpt-3.5-turbo-0301,2023-11-03T15:52:13.320Z,2023-11-03T15:52:46.418Z,"Are the following two products the same?
Product 1: Title: WD Blue 3D - 2048 GB - M.2 - 560 MB/s - 6 Gbit/s WDS200T2B0B
Description: WD Blue 3D - 2048 GB - M.2 - 560 MB/s - 6 Gbit/s TB - M.2 - SATA 6Gb/s - 560/530 MB/s Western Digital Blue 3D. SSD capacity: 2048 GB, SSD form factor: M.2, Read speed: 560 MB/s, Write speed: 530 MB/s, Data transfer rate: 6 Gbit/s, Component for: PC/n
Product 2: Title: WD 250GB Blue Series m.2 SSD WDS250G2B0B
Description: HDSSD00250WDC003

Lets think step by step!","Step 1: Compare the titles\nThe titles of the two products are different. Product 1 is called \WD Blue 3D - 2048 GB - M.2 - 560 MB/s - 6 Gbit/s WDS200T2B0B\ while Product 2 is called \WD 250GB Blue Series m.2 SSD WDS250G2B0B\. Therefore, they are not the same product.\n\nStep 2: Compare the descriptions\nThe descriptions of the two products are also different. Product 1 has a capacity of 2048 GB, while Product 2 has a capacity of 250 GB. Product 1 has a read speed of 560 MB/s and a write speed of 530 MB/s, while Product 2 does not mention its read and write speeds. Product 1 has a data transfer rate of 6 Gbit/s, while Product 2 does not mention its data transfer rate. Therefore, they are not the same product.\n\nConclusion: The two products are not the same. They have different titles and descriptions, and different specifications such as capacity, read and write speeds, and data transfer rates.",no match,False,False,NONE,0%,100%
91,6eb5b386-ec6a-47c5-885a-0503f80bf6e4,gpt-3.5-turbo-0301,2023-11-03T15:51:31.527Z,2023-11-03T15:51:52.064Z,"Are the following two products the same?
Product 1: Title: Seagate EXOS 10TB 3.5\"" SATA Enterprise HDD/Hard Drive 7200rpm
Description: 10TB Seagate EXOS ST10000NM0016, 3.5\"" Enterprise HDD, SATA III - 6GB/s, 7200rpm, 256MB Cache, 512E, 4.16ms, OEM
Product 2: Title: [Fujifilm]100 Sheet Fujifilm Instax Square Plain White Instant Polaroid Film for SQ 10 Camera | SP3 Printer
Description: 100 sheet instax Square Film

Lets think step by step!","Step 1: Compare the titles\nThe titles of the two products are completely different. Product 1 is a Seagate hard drive, while Product 2 is Fujifilm Instax Square film.\n\nStep 2: Compare the descriptions\nThe descriptions also do not match. Product 1 has a detailed description of the Seagate hard drive, including its capacity, speed, cache, and other technical specifications. Product 2 only mentions that it is a pack of 100 sheets of Instax Square film.\n\nStep 3: Conclusion\nBased on the above analysis, it is clear that the two products are not the same. They are completely different products from different manufacturers and serve different purposes.",no match,False,False,NONE,0%,100%
102,6eb5b386-ec6a-47c5-885a-0503f80bf6e4,gpt-3.5-turbo-0301,2023-11-03T15:47:14.134Z,2023-11-03T15:47:35.694Z,"Are the following two products the same?
Product 1: Title: Zebra Black Monochrome Ribbon 800011-101 - 1000 Prints
Description: none
Product 2: Title: Fujifilm 16531958 instant picture film 54 x 86 mm 10 pc(s)
Description: This single pack of FUJIFILM INSTAX Mini Monochrome Instant Film contains 10 sheets of instant black & white film that is compatible for use with the FUJIFILM INSTAX Mini series of cameras or INSTAX SHARE printers. This film features neutral gray ton

Lets think step by step!","Step 1: Compare the titles\nProduct 1: Zebra Black Monochrome Ribbon 800011-101 - 1000 Prints\nProduct 2: Fujifilm 16531958 instant picture film 54 x 86 mm 10 pc(s)\n\nThe titles are different, so the products are likely different.\n\nStep 2: Compare the descriptions\nProduct 1: None\nProduct 2: This single pack of FUJIFILM INSTAX Mini Monochrome Instant Film contains 10 sheets of instant black & white film that is compatible for use with the FUJIFILM INSTAX Mini series of cameras or INSTAX SHARE printers. This film features neutral gray ton\n\nThe descriptions are different, so the products are definitely different.\n\nConclusion: The two products are not the same.",no match,False,False,NONE,0%,100%
105,6eb5b386-ec6a-47c5-885a-0503f80bf6e4,gpt-3.5-turbo-0301,2023-11-03T15:45:18.932Z,2023-11-03T15:46:07.701Z,"Are the following two products the same?
Product 1: Title: Fujifilm Instax Square Film for SQ10 Hybrid Cameras 20 Shot Pack
Description: EXTRA VALUE 2x 10 Shot Packs (giving you 20 shots in total). FRESH UK STOCKS AND LONG DATED. Fujifilm Instax \""SQUARE\"" film is for use in only square format instant print cameras such as the new SQ10, SQ6 cameras...Note: Not for use in Fuji Instax \
Product 2: Title: Fujifilm Instax Square Film Twin Pack 20 Shots
Description: The Fujifilm Instax Film Square Twin Pack 20 Shots is designed for the Fujifilm Instax Square SQ6 instant camera. The film boasts the same professional high quality found in all Instax

Lets think step by step!","Step 1: Compare the titles\nProduct 1: Fujifilm Instax Square Film for SQ10 Hybrid Cameras 20 Shot Pack\nProduct 2: Fujifilm Instax Square Film Twin Pack 20 Shots\n\nThe titles are different, but both mention Fujifilm Instax Square Film and 20 shots.\n\nStep 2: Compare the descriptions\nProduct 1: EXTRA VALUE 2x 10 Shot Packs (giving you 20 shots in total). FRESH UK STOCKS AND LONG DATED. Fujifilm Instax \SQUARE\ film is for use in only square format instant print cameras such as the new SQ10, SQ6 cameras...Note: Not for use in Fuji Instax\nProduct 2: The Fujifilm Instax Film Square Twin Pack 20 Shots is designed for the Fujifilm Instax Square SQ6 instant camera. The film boasts the same professional high quality found in all Instax\n\nThe descriptions are different, but both mention Fujifilm Instax Square Film and 20 shots. Product 1 mentions the SQ10 and SQ6 cameras, while Product 2 only mentions the SQ6 camera. Product 1 also mentions that the film is not for use in Fuji Instax cameras, while Product 2 does not mention this.\n\nStep 3: Conclusion\nBased on the information provided, it seems that the two products are similar but not exactly the same. Both products offer Fujifilm Instax Square Film and 20 shots, but Product 1 is specifically designed for the SQ10 and SQ6 cameras and cannot be used in Fuji Instax cameras, while Product 2 is designed for the SQ6 camera and does not mention compatibility with other cameras. Additionally, Product 1 offers two 10-shot packs while Product 2 offers a twin pack of 20 shots.",No match.,False,False,NONE,80%,85%
146,6eb5b386-ec6a-47c5-885a-0503f80bf6e4,gpt-3.5-turbo-0301,2023-11-03T15:29:23.262Z,2023-11-03T15:30:08.312Z,"Are the following two products the same?
Product 1: Title: MINION DHR II 29 X 2.30 3C TERRA TR DD FOLD
Description: Refined and redesigned; ready to shred any lineRamped and siped tread to roll fast and track straight under brakingSingle-ply, DoubleDown, and DH casings available3C MaxxTerra, 3C MaxxGrip, and Super Tacky available on select modelsWide trail (WT) ca
Product 2: Title: Maxxis High Roller II Tire - 29 x 2.5, Tubeless, Folding, Black, 3C Maxx Terra, DD, Wide Trail
Description: none

Lets think step by step!","Step 1: Compare the titles\nProduct 1: MINION DHR II 29 X 2.30 3C TERRA TR DD FOLD\nProduct 2: Maxxis High Roller II Tire - 29 x 2.5, Tubeless, Folding, Black, 3C Maxx Terra, DD, Wide Trail\n\nThe titles are different, but they both mention the tire size, folding, and DD (DoubleDown) technology.\n\nStep 2: Compare the descriptions\nProduct 1: Refined and redesigned; ready to shred any lineRamped and siped tread to roll fast and track straight under brakingSingle-ply, DoubleDown, and DH casings available3C MaxxTerra, 3C MaxxGrip, and Super Tacky available on select modelsWide trail (WT) ca\nProduct 2: none\n\nProduct 1 has a detailed description that mentions the tread design, casing options, and available rubber compounds. Product 2 has no description.\n\nStep 3: Compare the details\nProduct 1: \n- Tire size: 29 x 2.30\n- Technology: DoubleDown (DD)\n- Rubber compound options: 3C MaxxTerra, 3C MaxxGrip, and Super Tacky\n- Casing options: Single-ply, DoubleDown, and DH\n- Wide trail (WT) option available\n\nProduct 2:\n- Tire size: 29 x 2.5\n- Technology: DoubleDown (DD)\n- Rubber compound: 3C Maxx Terra\n- Casing: DD\n- Wide trail (WT) option available\n\nWhile the tire sizes are slightly different, both products have the same DoubleDown technology and wide trail option. Product 1 has more options for rubber compounds and casing, but both products have the 3C Maxx Terra option.\n\nConclusion: While the titles and descriptions are different, the two products are very similar and share many of the same features. However, Product 1 has more options for rubber compounds and casing.",Match.,True,False,FP,90%,80%
150,6eb5b386-ec6a-47c5-885a-0503f80bf6e4,gpt-3.5-turbo-0301,2023-11-03T15:28:11.724Z,2023-11-03T15:28:29.032Z,"Are the following two products the same?
Product 1: Title: SanDisk Extreme PRO 300MBs UHSII Class 10 U3 SDHC Card 32GB
Description: SanDisk Extreme PRO 300MBs UHS-II Class 10 U3 SDHC Card - 32GB has speeds of up to 300 MB/s, and write speeds of up to 260 MB/s
Product 2: Title: WD Blue 3D - 2048 GB - M.2 - 560 MB/s - 6 Gbit/s WDS200T2B0B
Description: WD Blue 3D - 2048 GB - M.2 - 560 MB/s - 6 Gbit/s TB - M.2 - SATA 6Gb/s - 560/530 MB/s Western Digital Blue 3D. SSD capacity: 2048 GB, SSD form factor: M.2, Read speed: 560 MB/s, Write speed: 530 MB/s, Data transfer rate: 6 Gbit/s, Component for: PC/n

Lets think step by step!","Step 1: Compare the titles\nThe titles are different, so the products are not the same.\n\nStep 2: Compare the descriptions\nThe descriptions are also different. Product 1 is an SDHC card with a capacity of 32GB and speeds of up to 300 MB/s read and 260 MB/s write. Product 2 is an M.2 SSD with a capacity of 2048 GB and speeds of up to 560 MB/s read and 530 MB/s write.\n\nConclusion: The two products are not the same. Product 1 is an SDHC card, while Product 2 is an M.2 SSD. They have different capacities, speeds, and form factors.",no match,False,False,NONE,0%,100%
165,6eb5b386-ec6a-47c5-885a-0503f80bf6e4,gpt-3.5-turbo-0301,2023-11-03T15:23:12.348Z,2023-11-03T15:23:32.891Z,"Are the following two products the same?
Product 1: Title: Fujifilm FUJINON XF56mm F1.2 R APD
Description: none
Product 2: Title: Fujifilm Instax Square Film for SQ10 Hybrid Cameras 20 Shot Pack
Description: EXTRA VALUE 2x 10 Shot Packs (giving you 20 shots in total). FRESH UK STOCKS AND LONG DATED. Fujifilm Instax \""SQUARE\"" film is for use in only square format instant print cameras such as the new SQ10, SQ6 cameras...Note: Not for use in Fuji Instax \

Lets think step by step!","Step 1: Look at the titles of the two products.\n- Product 1: Fujifilm FUJINON XF56mm F1.2 R APD\n- Product 2: Fujifilm Instax Square Film for SQ10 Hybrid Cameras 20 Shot Pack\n\nStep 2: Compare the titles.\n- The titles are different and refer to different products.\n\nStep 3: Look at the descriptions of the two products.\n- Product 1 has no description.\n- Product 2 has a description that talks about the number of shots, the compatibility with specific cameras, and a note about not being compatible with a certain type of camera.\n\nStep 4: Compare the descriptions.\n- The descriptions are different and refer to different aspects of the products.\n\nConclusion: The two products are not the same.",no match,False,False,NONE,0%,100%
167,6eb5b386-ec6a-47c5-885a-0503f80bf6e4,gpt-3.5-turbo-0301,2023-11-03T15:22:23.730Z,2023-11-03T15:22:46.197Z,"Are the following two products the same?
Product 1: Title: Fujifilm Instax Square Film Twin Pack 20 Shots
Description: The Fujifilm Instax Film Square Twin Pack 20 Shots is designed for the Fujifilm Instax Square SQ6 instant camera. The film boasts the same professional high quality found in all Instax
Product 2: Title: Instax Fujifilm | Instax SQUARE Instant Film - Black Border (10 Exposures)
Description: none

Lets think step by step!","1. Both products are related to Fujifilm Instax Square instant camera.\n2. Product 1 is a twin pack with 20 shots, while Product 2 is a single pack with 10 exposures.\n3. Product 1 explicitly mentions that it is designed for the Fujifilm Instax Square SQ6 instant camera, while Product 2 does not mention any specific camera model.\n4. Product 1 mentions that the film has professional high quality, while Product 2 does not provide any description.\n5. Product 1 has a clear title that includes the brand name and the number of shots, while Product 2 has a longer title that includes the brand name and the type of film.\n\nBased on these differences, it is safe to say that the two products are not exactly the same. However, they are both related to Fujifilm Instax Square instant camera and can be used interchangeably to some extent.",Match.,True,False,FP,60%,80%
180,6eb5b386-ec6a-47c5-885a-0503f80bf6e4,gpt-3.5-turbo-0301,2023-11-03T15:18:11.520Z,2023-11-03T15:18:31.195Z,"Are the following two products the same?
Product 1: Title: Instax Mini Rainbow Film 10 Pack
Description: Brighten the place up with this pack of rainbow coloured film! Top tip: one of these would look fab in our Instax Mini Acrylic Photo Block!Includes pack of 10 shots
Product 2: Title: MAIN ASUS ROG STRIX Z390-I GAMING
Description: LGA1151 socket for 9th/ 8th Gen Intel® Core™ desktop processorsAura Sync RGB: Synchronize LED lighting with a vast portfolio of compatible PC gear, including addressable RGB stripsComprehensive cooling: Integrated I/O shield and VRM heatsink, Double 

Lets think step by step!","Step 1: Look at the titles of the products\nProduct 1: Instax Mini Rainbow Film 10 Pack\nProduct 2: MAIN ASUS ROG STRIX Z390-I GAMING\n\nStep 2: Look at the descriptions of the products\nProduct 1: Rainbow coloured film for use with Instax Mini cameras\nProduct 2: A motherboard for use with Intel Core processors, with RGB lighting and cooling features\n\nStep 3: Compare the two products\nThe two products are not the same. Product 1 is a pack of film for use with a camera, while Product 2 is a motherboard for use with a computer. They have different functions and features.",no match,False,False,NONE,0%,100%
187,6eb5b386-ec6a-47c5-885a-0503f80bf6e4,gpt-3.5-turbo-0301,2023-11-03T15:15:30.818Z,2023-11-03T15:15:45.100Z,"Are the following two products the same?
Product 1: Title: Traveler's Company Traveler's Company Notebook Accessories
Description: none
Product 2: Title: Traveler's Refills: MD Paper - 002 / grid
Description: These notebooks aremade in Japan, where there is a rich tradition of elevating basic craft to perfected art form. MD Paper is no exception,meticulously engineered for the finest writing experience. There is no detail overlooked: the paper is made fro

Lets think step by step!","1. Both products are from the same brand, Traveler's Company.\n2. Product 1 has no description, so it is unclear what it includes.\n3. Product 2 is a refill for a notebook and is specifically MD Paper - 002 with a grid pattern.\n4. Therefore, it is unlikely that Product 1 and Product 2 are the same, as Product 2 is a specific refill for a notebook while Product 1 is a general notebook accessory with no description.",No match.,False,False,NONE,0%,90%
196,6eb5b386-ec6a-47c5-885a-0503f80bf6e4,gpt-3.5-turbo-0301,2023-11-03T15:12:04.573Z,2023-11-03T15:12:23.485Z,"Are the following two products the same?
Product 1: Title: Jabra Biz 2400 II Mono 3-in-1 Noise Canceling Mono Headset
Description: Jabra Biz 2400 II Mono 3-in-1 Noise Canceling Mono Headset
Product 2: Title: Jabra BIZ 2400 II Mono 3-in-1 Wideband
Description: Jabra BIZ 2400 II Mono 3-in-1 Wideband from Headset Store. Next Day Delivery. Part Code:2486-820-209

Lets think step by step!","1. Both products have the same base name: Jabra Biz 2400 II Mono 3-in-1.\n2. The first product has a description that includes \Noise Canceling Mono Headset,\ while the second product has a description that includes \Wideband.\\n3. The second product also includes additional information such as \from Headset Store,\ \Next Day Delivery,\ and a specific part code.\n4. Based on this information, it is possible that the two products are similar but may have slight differences in features or specifications. It is recommended to compare the full product details and specifications to determine if they are the same or different.",match,True,False,FP,85%,80%
207,6eb5b386-ec6a-47c5-885a-0503f80bf6e4,gpt-3.5-turbo-0301,2023-11-03T15:07:11.858Z,2023-11-03T15:07:37.486Z,"Are the following two products the same?
Product 1: Title: [Fujifilm]100 Sheet Fujifilm Instax Square Plain White Instant Polaroid Film for SQ 10 Camera | SP3 Printer
Description: 100 sheet instax Square Film
Product 2: Title: Fujifilm Instax Square Film for SQ10 Hybrid Cameras 20 Shot Pack
Description: EXTRA VALUE 2x 10 Shot Packs (giving you 20 shots in total). FRESH UK STOCKS AND LONG DATED. Fujifilm Instax \""SQUARE\"" film is for use in only square format instant print cameras such as the new SQ10, SQ6 cameras...Note: Not for use in Fuji Instax \

Lets think step by step!","Step 1: Check the titles\nProduct 1 mentions the camera and printer it is compatible with, while Product 2 mentions the camera models it is compatible with and the number of shots in the pack.\n\nStep 2: Check the descriptions\nProduct 1 has a brief description of 100 sheets of instax Square Film, while Product 2 has a longer description mentioning the number of shots, fresh UK stocks, and compatibility with specific camera models.\n\nStep 3: Compare the details\nProduct 1 does not mention the number of shots or the freshness of the film, while Product 2 specifically mentions 2x 10 shot packs and fresh UK stocks. However, both products are compatible with the same camera models and use the same instax Square Film.\n\nConclusion: While there are some differences in the details mentioned, both products are essentially the same in terms of compatibility and film type. Product 2 offers more information about the number of shots and freshness of the film, but both products can be used with the same cameras and film.",Match.,True,False,FP,90%,80%
210,6eb5b386-ec6a-47c5-885a-0503f80bf6e4,gpt-3.5-turbo-0301,2023-11-03T15:06:38.956Z,2023-11-03T15:06:49.829Z,"Are the following two products the same?
Product 1: Title: Tp-Link Wireless N USB Adapter 300Mbps
Description: none
Product 2: Title: Kingston Canvas Select Plus MicroSD 100MBs Class 10 128GB
Description: The Kingston Canvas Select Plus MicroSDXC Class 10 128GB with SD Adapter included has a Read Speed of 100MB/s and is compatible with Android devices

Lets think step by step!","Step 1: Compare the titles\nThe titles of the two products are completely different, so they are not the same.\n\nStep 2: Compare the descriptions\nThe descriptions of the two products are also completely different, with one describing a wireless USB adapter and the other describing a microSD card. Therefore, they are not the same.\n\nConclusion: The two products are not the same.",no match,False,False,NONE,0%,100%
